idx,abund
0,0.039838695382433752
1,0.036692369050784365
2,0.035141363112647345
3,0.034875476380395287
4,0.032659753611628116
5,0.022334485509173094
6,0.021226624124789505
7,0.020428963928033325
8,0.017504209873260658
9,0.016307719578126385
10,0.015997518390498979
11,0.015820260568997609
12,0.013338651067978375
13,0.012806877603474253
14,0.012673934237348222
15,0.01032526810245502
16,0.0096605512718248698
17,0.0094389789949481523
18,0.0091730922626960913
19,0.0091730922626960913
20,0.0090401488965700608
21,0.0083754320659399101
22,0.0080652308783125057
23,0.0079766019675618187
24,0.0079322875121864752
25,0.0078436586014357882
26,0.0077993441460604447
27,0.0076220863245590716
28,0.0071346273154302932
29,0.0066914827616768591
30,0.0065585393955508286
31,0.0065142249401754851
32,0.0061153948417973945
33,0.005982451475671364
34,0.005893822564920677
35,0.00580519365416999
36,0.0055836213772932734
37,0.0054949924665425864
38,0.0054506780111672429
39,0.0054063635557918995
40,0.005184791278915182
41,0.005184791278915182
42,0.0051404768235398385
43,0.0049632190020384654
44,0.0049632190020384654
45,0.0048302756359124349
46,0.0047416467251617479
47,0.0046973322697864044
48,0.0046973322697864044
49,0.0046087033590357174
50,0.0045643889036603739
51,0.0044314455375343434
52,0.0042098732606576268
53,0.0041655588052822833
54,0.0041212443499069398
55,0.0040769298945315963
56,0.0039883009837809093
57,0.0039883009837809093
58,0.0038110431622795358
59,0.0037224142515288488
60,0.0037224142515288488
61,0.0036780997961535053
62,0.0036780997961535053
63,0.0035008419746521313
64,0.0034122130639014448
65,0.0031906407870247273
66,0.0031463263316493842
67,0.0031463263316493842
68,0.0031463263316493842
69,0.0031463263316493842
70,0.0030576974208986973
71,0.0030576974208986973
72,0.0030576974208986973
73,0.0029690685101480103
74,0.0029247540547726668
75,0.0029247540547726668
76,0.0028804395993973233
77,0.0028804395993973233
78,0.0028804395993973233
79,0.0028361251440219798
80,0.0027918106886466367
81,0.0027918106886466367
82,0.0027031817778959497
83,0.0027031817778959497
84,0.0026588673225206062
85,0.0026145528671452627
86,0.0026145528671452627
87,0.0026145528671452627
88,0.0026145528671452627
89,0.0026145528671452627
90,0.0026145528671452627
91,0.0025259239563945757
92,0.0025259239563945757
93,0.0025259239563945757
94,0.0025259239563945757
95,0.0025259239563945757
96,0.0024816095010192327
97,0.0024816095010192327
98,0.0024372950456438892
99,0.0024372950456438892
100,0.0024372950456438892
101,0.0023929805902685457
102,0.0023486661348932022
103,0.0023486661348932022
104,0.0023043516795178587
105,0.0022600372241425152
106,0.0022600372241425152
107,0.0022600372241425152
108,0.0022157227687671717
109,0.0021714083133918282
110,0.0021714083133918282
111,0.0021714083133918282
112,0.0021714083133918282
113,0.0021714083133918282
114,0.0021270938580164852
115,0.0020827794026411417
116,0.0020384649472657982
117,0.0020384649472657982
118,0.0020384649472657982
119,0.0019941504918904547
120,0.0019941504918904547
121,0.0019498360365151112
122,0.0019498360365151112
123,0.0019498360365151112
124,0.0019498360365151112
125,0.0019498360365151112
126,0.0019055215811397679
127,0.0018612071257644244
128,0.0018612071257644244
129,0.0018612071257644244
130,0.0018612071257644244
131,0.0018612071257644244
132,0.0018612071257644244
133,0.0018168926703890809
134,0.0018168926703890809
135,0.0017725782150137374
136,0.0017725782150137374
137,0.0017725782150137374
138,0.0017282637596383941
139,0.0017282637596383941
140,0.0017282637596383941
141,0.0016839493042630506
142,0.0016839493042630506
143,0.0016396348488877071
144,0.0016396348488877071
145,0.0015953203935123637
146,0.0015953203935123637
147,0.0015510059381370204
148,0.0015510059381370204
149,0.0015510059381370204
150,0.0015510059381370204
151,0.0015066914827616769
152,0.0015066914827616769
153,0.0015066914827616769
154,0.0015066914827616769
155,0.0015066914827616769
156,0.0015066914827616769
157,0.0015066914827616769
158,0.0014623770273863334
159,0.0014623770273863334
160,0.0014623770273863334
161,0.0014180625720109899
162,0.0013737481166356466
163,0.0013737481166356466
164,0.0013737481166356466
165,0.0013294336612603031
166,0.0013294336612603031
167,0.0013294336612603031
168,0.0013294336612603031
169,0.0012851192058849596
170,0.0012408047505096163
171,0.0011521758397589294
172,0.0011521758397589294
173,0.0011521758397589294
174,0.0011521758397589294
175,0.0011078613843835859
176,0.0011078613843835859
177,0.0011078613843835859
178,0.0011078613843835859
179,0.0011078613843835859
180,0.0011078613843835859
181,0.0010635469290082426
182,0.0010635469290082426
183,0.0010635469290082426
184,0.0010635469290082426
185,0.0010635469290082426
186,0.0010192324736328991
187,0.0010192324736328991
188,0.0010192324736328991
189,0.0010192324736328991
190,0.00097491801825755559
191,0.00097491801825755559
192,0.00097491801825755559
193,0.00097491801825755559
194,0.0009306035628822122
195,0.0009306035628822122
196,0.0009306035628822122
197,0.0009306035628822122
198,0.0009306035628822122
199,0.0009306035628822122
200,0.0009306035628822122
201,0.00088628910750686871
202,0.00088628910750686871
203,0.00088628910750686871
204,0.00084197465213152532
205,0.00084197465213152532
206,0.00084197465213152532
207,0.00084197465213152532
208,0.00084197465213152532
209,0.00084197465213152532
210,0.00084197465213152532
211,0.00084197465213152532
212,0.00079766019675618183
213,0.00079766019675618183
214,0.00079766019675618183
215,0.00079766019675618183
216,0.00079766019675618183
217,0.00079766019675618183
218,0.00079766019675618183
219,0.00079766019675618183
220,0.00075334574138083844
221,0.00075334574138083844
222,0.00075334574138083844
223,0.00075334574138083844
224,0.00070903128600549494
225,0.00070903128600549494
226,0.00070903128600549494
227,0.00070903128600549494
228,0.00070903128600549494
229,0.00070903128600549494
230,0.00066471683063015156
231,0.00066471683063015156
232,0.00066471683063015156
233,0.00066471683063015156
234,0.00066471683063015156
235,0.00066471683063015156
236,0.00066471683063015156
237,0.00062040237525480817
238,0.00062040237525480817
239,0.00062040237525480817
240,0.00062040237525480817
241,0.00062040237525480817
242,0.00062040237525480817
243,0.00062040237525480817
244,0.00062040237525480817
245,0.00062040237525480817
246,0.00057608791987946468
247,0.00057608791987946468
248,0.00057608791987946468
249,0.00057608791987946468
250,0.00057608791987946468
251,0.00057608791987946468
252,0.00057608791987946468
253,0.00057608791987946468
254,0.00057608791987946468
255,0.00057608791987946468
256,0.00057608791987946468
257,0.00057608791987946468
258,0.00057608791987946468
259,0.00053177346450412129
260,0.00053177346450412129
261,0.00053177346450412129
262,0.00053177346450412129
263,0.00053177346450412129
264,0.00053177346450412129
265,0.00048745900912877779
266,0.00048745900912877779
267,0.00048745900912877779
268,0.00048745900912877779
269,0.00048745900912877779
270,0.00048745900912877779
271,0.00048745900912877779
272,0.00048745900912877779
273,0.00048745900912877779
274,0.00048745900912877779
275,0.00044314455375343435
276,0.00044314455375343435
277,0.00044314455375343435
278,0.00044314455375343435
279,0.00044314455375343435
280,0.00044314455375343435
281,0.00044314455375343435
282,0.00044314455375343435
283,0.00044314455375343435
284,0.00044314455375343435
285,0.00044314455375343435
286,0.00044314455375343435
287,0.00044314455375343435
288,0.00044314455375343435
289,0.00044314455375343435
290,0.00044314455375343435
291,0.00044314455375343435
292,0.00044314455375343435
293,0.00044314455375343435
294,0.00039883009837809091
295,0.00039883009837809091
296,0.00039883009837809091
297,0.00039883009837809091
298,0.00039883009837809091
299,0.00039883009837809091
300,0.00039883009837809091
301,0.00039883009837809091
302,0.00039883009837809091
303,0.00039883009837809091
304,0.00039883009837809091
305,0.00039883009837809091
306,0.00039883009837809091
307,0.00039883009837809091
308,0.00039883009837809091
309,0.00035451564300274747
310,0.00035451564300274747
311,0.00035451564300274747
312,0.00035451564300274747
313,0.00035451564300274747
314,0.00035451564300274747
315,0.00035451564300274747
316,0.00035451564300274747
317,0.00035451564300274747
318,0.00035451564300274747
319,0.00035451564300274747
320,0.00035451564300274747
321,0.00035451564300274747
322,0.00035451564300274747
323,0.00035451564300274747
324,0.00035451564300274747
325,0.00035451564300274747
326,0.00031020118762740409
327,0.00031020118762740409
328,0.00031020118762740409
329,0.00031020118762740409
330,0.00031020118762740409
331,0.00031020118762740409
332,0.00031020118762740409
333,0.00031020118762740409
334,0.00031020118762740409
335,0.00031020118762740409
336,0.00031020118762740409
337,0.00031020118762740409
338,0.00031020118762740409
339,0.00031020118762740409
340,0.00031020118762740409
341,0.00031020118762740409
342,0.00031020118762740409
343,0.00026588673225206064
344,0.00026588673225206064
345,0.00026588673225206064
346,0.00026588673225206064
347,0.00026588673225206064
348,0.00026588673225206064
349,0.00026588673225206064
350,0.00026588673225206064
351,0.00026588673225206064
352,0.00026588673225206064
353,0.00026588673225206064
354,0.00026588673225206064
355,0.00026588673225206064
356,0.00026588673225206064
357,0.00026588673225206064
358,0.00026588673225206064
359,0.00026588673225206064
360,0.00026588673225206064
361,0.00026588673225206064
362,0.00022157227687671718
363,0.00022157227687671718
364,0.00022157227687671718
365,0.00022157227687671718
366,0.00022157227687671718
367,0.00022157227687671718
368,0.00022157227687671718
369,0.00022157227687671718
370,0.00022157227687671718
371,0.00022157227687671718
372,0.00022157227687671718
373,0.00022157227687671718
374,0.00022157227687671718
375,0.00022157227687671718
376,0.00022157227687671718
377,0.00022157227687671718
378,0.00022157227687671718
379,0.00022157227687671718
380,0.00022157227687671718
381,0.00022157227687671718
382,0.00022157227687671718
383,0.00022157227687671718
384,0.00022157227687671718
385,0.00022157227687671718
386,0.00022157227687671718
387,0.00022157227687671718
388,0.00022157227687671718
389,0.00022157227687671718
390,0.00022157227687671718
391,0.00022157227687671718
392,0.00017725782150137374
393,0.00017725782150137374
394,0.00017725782150137374
395,0.00017725782150137374
396,0.00017725782150137374
397,0.00017725782150137374
398,0.00017725782150137374
399,0.00017725782150137374
400,0.00017725782150137374
401,0.00017725782150137374
402,0.00017725782150137374
403,0.00017725782150137374
404,0.00017725782150137374
405,0.00017725782150137374
406,0.00017725782150137374
407,0.00017725782150137374
408,0.00017725782150137374
409,0.00017725782150137374
410,0.00017725782150137374
411,0.00017725782150137374
412,0.00017725782150137374
413,0.00017725782150137374
414,0.00017725782150137374
415,0.00017725782150137374
416,0.00017725782150137374
417,0.00017725782150137374
418,0.00017725782150137374
419,0.00017725782150137374
420,0.00017725782150137374
421,0.00013294336612603032
422,0.00013294336612603032
423,0.00013294336612603032
424,0.00013294336612603032
425,0.00013294336612603032
426,0.00013294336612603032
427,0.00013294336612603032
428,0.00013294336612603032
429,0.00013294336612603032
430,0.00013294336612603032
431,0.00013294336612603032
432,0.00013294336612603032
433,0.00013294336612603032
434,0.00013294336612603032
435,0.00013294336612603032
436,0.00013294336612603032
437,0.00013294336612603032
438,0.00013294336612603032
439,0.00013294336612603032
440,0.00013294336612603032
441,0.00013294336612603032
442,0.00013294336612603032
443,0.00013294336612603032
444,0.00013294336612603032
445,0.00013294336612603032
446,0.00013294336612603032
447,0.00013294336612603032
448,0.00013294336612603032
449,0.00013294336612603032
450,0.00013294336612603032
451,0.00013294336612603032
452,0.00013294336612603032
453,0.00013294336612603032
454,0.00013294336612603032
455,0.00013294336612603032
456,0.00013294336612603032
457,0.00013294336612603032
458,0.00013294336612603032
459,8.8628910750686868e-05
460,8.8628910750686868e-05
461,8.8628910750686868e-05
462,8.8628910750686868e-05
463,8.8628910750686868e-05
464,8.8628910750686868e-05
465,8.8628910750686868e-05
466,8.8628910750686868e-05
467,8.8628910750686868e-05
468,8.8628910750686868e-05
469,8.8628910750686868e-05
470,8.8628910750686868e-05
471,8.8628910750686868e-05
472,8.8628910750686868e-05
473,8.8628910750686868e-05
474,8.8628910750686868e-05
475,8.8628910750686868e-05
476,8.8628910750686868e-05
477,8.8628910750686868e-05
478,8.8628910750686868e-05
479,8.8628910750686868e-05
480,8.8628910750686868e-05
481,8.8628910750686868e-05
482,8.8628910750686868e-05
483,8.8628910750686868e-05
484,8.8628910750686868e-05
485,8.8628910750686868e-05
486,8.8628910750686868e-05
487,8.8628910750686868e-05
488,8.8628910750686868e-05
489,8.8628910750686868e-05
490,8.8628910750686868e-05
491,8.8628910750686868e-05
492,8.8628910750686868e-05
493,8.8628910750686868e-05
494,8.8628910750686868e-05
495,8.8628910750686868e-05
496,8.8628910750686868e-05
497,8.8628910750686868e-05
498,8.8628910750686868e-05
499,8.8628910750686868e-05
500,8.8628910750686868e-05
501,8.8628910750686868e-05
502,8.8628910750686868e-05
503,8.8628910750686868e-05
504,8.8628910750686868e-05
505,8.8628910750686868e-05
506,8.8628910750686868e-05
507,8.8628910750686868e-05
508,4.4314455375343434e-05
509,4.4314455375343434e-05
510,4.4314455375343434e-05
511,4.4314455375343434e-05
512,4.4314455375343434e-05
513,4.4314455375343434e-05
514,4.4314455375343434e-05
515,4.4314455375343434e-05
516,4.4314455375343434e-05
517,4.4314455375343434e-05
518,4.4314455375343434e-05
519,4.4314455375343434e-05
520,4.4314455375343434e-05
521,4.4314455375343434e-05
522,4.4314455375343434e-05
523,4.4314455375343434e-05
524,4.4314455375343434e-05
525,4.4314455375343434e-05
526,4.4314455375343434e-05
527,4.4314455375343434e-05
528,4.4314455375343434e-05
529,4.4314455375343434e-05
530,4.4314455375343434e-05
531,4.4314455375343434e-05
532,4.4314455375343434e-05
533,4.4314455375343434e-05
534,4.4314455375343434e-05
535,4.4314455375343434e-05
536,4.4314455375343434e-05
537,4.4314455375343434e-05
538,4.4314455375343434e-05
539,4.4314455375343434e-05
540,4.4314455375343434e-05
541,4.4314455375343434e-05
542,4.4314455375343434e-05
543,4.4314455375343434e-05
544,4.4314455375343434e-05
545,4.4314455375343434e-05
546,4.4314455375343434e-05
547,4.4314455375343434e-05
548,4.4314455375343434e-05
549,4.4314455375343434e-05
550,4.4314455375343434e-05
551,4.4314455375343434e-05
552,4.4314455375343434e-05
553,4.4314455375343434e-05
554,4.4314455375343434e-05
555,4.4314455375343434e-05
556,4.4314455375343434e-05
557,4.4314455375343434e-05
558,4.4314455375343434e-05
559,4.4314455375343434e-05
560,4.4314455375343434e-05
561,4.4314455375343434e-05
562,4.4314455375343434e-05
563,4.4314455375343434e-05
564,4.4314455375343434e-05
565,4.4314455375343434e-05
566,4.4314455375343434e-05
567,4.4314455375343434e-05
568,4.4314455375343434e-05
569,4.4314455375343434e-05
570,4.4314455375343434e-05
571,4.4314455375343434e-05
572,4.4314455375343434e-05
573,4.4314455375343434e-05
574,4.4314455375343434e-05
575,4.4314455375343434e-05
