case_id,sample,idx,value
all_same_value,a,0,5.0
all_same_value,a,1,5.0
all_same_value,a,2,5.0
all_same_value,a,3,5.0
all_same_value,b,0,5.0
all_same_value,b,1,5.0
all_same_value,b,2,5.0
all_same_value,b,3,5.0
all_same_value,b,4,5.0
all_same_value,b,5,5.0
common_factor_12_30,a,0,1.108977246986614
common_factor_12_30,a,1,0.8231981644462496
common_factor_12_30,a,2,0.01821231087274234
common_factor_12_30,a,3,0.05951403920564439
common_factor_12_30,a,4,-1.9712633318778354
common_factor_12_30,a,5,0.4614466972370523
common_factor_12_30,a,6,0.7548357856766331
common_factor_12_30,a,7,0.9827875480530558
common_factor_12_30,a,8,-0.09441617472684241
common_factor_12_30,a,9,0.43267146292497083
common_factor_12_30,a,10,-0.9104993327022517
common_factor_12_30,a,11,0.3856972269372505
common_factor_12_30,b,0,-0.4514131716729752
common_factor_12_30,b,1,-1.7484514644197242
common_factor_12_30,b,2,-0.3972664223870502
common_factor_12_30,b,3,-0.43963431052840146
common_factor_12_30,b,4,-0.46677640582573543
common_factor_12_30,b,5,-0.23111901547171113
common_factor_12_30,b,6,0.015745651552396284
common_factor_12_30,b,7,-0.7463410039023656
common_factor_12_30,b,8,-0.8185429134928145
common_factor_12_30,b,9,0.22062647971337596
common_factor_12_30,b,10,-0.3157469791703836
common_factor_12_30,b,11,1.2488707282601288
common_factor_12_30,b,12,0.10731354358128145
common_factor_12_30,b,13,-0.36900303087657876
common_factor_12_30,b,14,0.619367813536097
common_factor_12_30,b,15,0.8770896805745347
common_factor_12_30,b,16,-0.31851444379986643
common_factor_12_30,b,17,0.3015573028414933
common_factor_12_30,b,18,-0.6627013897508904
common_factor_12_30,b,19,0.6089257392497502
common_factor_12_30,b,20,-0.04193427922102126
common_factor_12_30,b,21,1.684776773655951
common_factor_12_30,b,22,-0.6847697847912487
common_factor_12_30,b,23,-0.6236920430861942
common_factor_12_30,b,24,-0.5899303351724138
common_factor_12_30,b,25,-1.6697768015452943
common_factor_12_30,b,26,0.21298666433985478
common_factor_12_30,b,27,0.9465718518280194
common_factor_12_30,b,28,-0.5496727998629217
common_factor_12_30,b,29,1.4444498505824315
common_factor_6_9,a,0,0.9302668595213753
common_factor_6_9,a,1,0.6363033796687435
common_factor_6_9,a,2,-2.514079156379589
common_factor_6_9,a,3,0.81293687462756
common_factor_6_9,a,4,0.2566879647676909
common_factor_6_9,a,5,0.7304968109046515
common_factor_6_9,b,0,-0.6601689817461547
common_factor_6_9,b,1,-2.4918182919309935
common_factor_6_9,b,2,-0.3137618413449862
common_factor_6_9,b,3,1.462057264448755
common_factor_6_9,b,4,-0.6296777232666984
common_factor_6_9,b,5,-1.065778276589184
common_factor_6_9,b,6,1.01070287080266
common_factor_6_9,b,7,0.14704570361412017
common_factor_6_9,b,8,0.946994414884366
coprime_3_11,a,0,-1.0196669698442973
coprime_3_11,a,1,0.7493456480674796
coprime_3_11,a,2,0.6792646336201473
coprime_3_11,b,0,-0.8997394991459786
coprime_3_11,b,1,-0.4431160659847249
coprime_3_11,b,2,0.41565795905593605
coprime_3_11,b,3,0.041969373963831935
coprime_3_11,b,4,0.16299258333668096
coprime_3_11,b,5,-1.750193299086376
coprime_3_11,b,6,1.2381393783660286
coprime_3_11,b,7,0.6128534561853058
coprime_3_11,b,8,-0.14800472480261165
coprime_3_11,b,9,-1.060197166601956
coprime_3_11,b,10,0.7031224082280758
coprime_7_13,a,0,0.9207396956274744
coprime_7_13,a,1,-0.989378852489424
coprime_7_13,a,2,1.710448015197216
coprime_7_13,a,3,0.8461335629722201
coprime_7_13,a,4,-0.09911364963684981
coprime_7_13,a,5,0.16143303004886553
coprime_7_13,a,6,-0.9099117014810496
coprime_7_13,b,0,1.2886978411352805
coprime_7_13,b,1,1.2947278656306067
coprime_7_13,b,2,0.8838387573809191
coprime_7_13,b,3,0.37232614004382514
coprime_7_13,b,4,0.20406060480294655
coprime_7_13,b,5,-0.8068374290999847
coprime_7_13,b,6,-0.2054783915025277
coprime_7_13,b,7,0.43159012120823853
coprime_7_13,b,8,-1.7224321382894963
coprime_7_13,b,9,1.0856718635320421
coprime_7_13,b,10,0.26886228094010656
coprime_7_13,b,11,0.11224392441039441
coprime_7_13,b,12,1.1072113406964939
curve_12_47,a,0,0.0
curve_12_47,a,1,0.075
curve_12_47,a,2,0.186
curve_12_47,a,3,0.213
curve_12_47,a,4,0.231
curve_12_47,a,5,0.259
curve_12_47,a,6,0.32
curve_12_47,a,7,0.383
curve_12_47,a,8,0.411
curve_12_47,a,9,0.454
curve_12_47,a,10,0.531
curve_12_47,a,11,0.633
curve_12_47,b,0,0.0
curve_12_47,b,1,0.045
curve_12_47,b,2,0.081
curve_12_47,b,3,0.104
curve_12_47,b,4,0.122
curve_12_47,b,5,0.13
curve_12_47,b,6,0.205
curve_12_47,b,7,0.227
curve_12_47,b,8,0.23
curve_12_47,b,9,0.235
curve_12_47,b,10,0.247
curve_12_47,b,11,0.268
curve_12_47,b,12,0.282
curve_12_47,b,13,0.303
curve_12_47,b,14,0.325
curve_12_47,b,15,0.358
curve_12_47,b,16,0.381
curve_12_47,b,17,0.405
curve_12_47,b,18,0.43
curve_12_47,b,19,0.442
curve_12_47,b,20,0.458
curve_12_47,b,21,0.494
curve_12_47,b,22,0.502
curve_12_47,b,23,0.508
curve_12_47,b,24,0.517
curve_12_47,b,25,0.538
curve_12_47,b,26,0.56
curve_12_47,b,27,0.587
curve_12_47,b,28,0.592
curve_12_47,b,29,0.641
curve_12_47,b,30,0.668
curve_12_47,b,31,0.687
curve_12_47,b,32,0.69
curve_12_47,b,33,0.699
curve_12_47,b,34,0.715
curve_12_47,b,35,0.746
curve_12_47,b,36,0.8
curve_12_47,b,37,0.81
curve_12_47,b,38,0.825
curve_12_47,b,39,0.847
curve_12_47,b,40,0.848
curve_12_47,b,41,0.866
curve_12_47,b,42,0.912
curve_12_47,b,43,0.971
curve_12_47,b,44,0.974
curve_12_47,b,45,0.998
curve_12_47,b,46,0.999
curve_30_30,a,0,0.091
curve_30_30,a,1,0.104
curve_30_30,a,2,0.119
curve_30_30,a,3,0.133
curve_30_30,a,4,0.193
curve_30_30,a,5,0.208
curve_30_30,a,6,0.241
curve_30_30,a,7,0.305
curve_30_30,a,8,0.314
curve_30_30,a,9,0.317
curve_30_30,a,10,0.361
curve_30_30,a,11,0.374
curve_30_30,a,12,0.432
curve_30_30,a,13,0.443
curve_30_30,a,14,0.487
curve_30_30,a,15,0.506
curve_30_30,a,16,0.528
curve_30_30,a,17,0.566
curve_30_30,a,18,0.587
curve_30_30,a,19,0.625
curve_30_30,a,20,0.68
curve_30_30,a,21,0.702
curve_30_30,a,22,0.738
curve_30_30,a,23,0.752
curve_30_30,a,24,0.793
curve_30_30,a,25,0.805
curve_30_30,a,26,0.863
curve_30_30,a,27,0.893
curve_30_30,a,28,0.901
curve_30_30,a,29,0.94
curve_30_30,b,0,0.108
curve_30_30,b,1,0.126
curve_30_30,b,2,0.167
curve_30_30,b,3,0.218
curve_30_30,b,4,0.222
curve_30_30,b,5,0.247
curve_30_30,b,6,0.267
curve_30_30,b,7,0.272
curve_30_30,b,8,0.347
curve_30_30,b,9,0.36
curve_30_30,b,10,0.384
curve_30_30,b,11,0.437
curve_30_30,b,12,0.444
curve_30_30,b,13,0.497
curve_30_30,b,14,0.528
curve_30_30,b,15,0.541
curve_30_30,b,16,0.573
curve_30_30,b,17,0.624
curve_30_30,b,18,0.652
curve_30_30,b,19,0.652
curve_30_30,b,20,0.694
curve_30_30,b,21,0.756
curve_30_30,b,22,0.761
curve_30_30,b,23,0.814
curve_30_30,b,24,0.833
curve_30_30,b,25,0.856
curve_30_30,b,26,0.895
curve_30_30,b,27,0.935
curve_30_30,b,28,0.942
curve_30_30,b,29,0.996
curve_dominating,a,0,0.018
curve_dominating,a,1,0.021
curve_dominating,a,2,0.036
curve_dominating,a,3,0.07
curve_dominating,a,4,0.08
curve_dominating,a,5,0.098
curve_dominating,a,6,0.099
curve_dominating,a,7,0.12
curve_dominating,a,8,0.127
curve_dominating,a,9,0.171
curve_dominating,a,10,0.188
curve_dominating,a,11,0.194
curve_dominating,a,12,0.216
curve_dominating,a,13,0.232
curve_dominating,a,14,0.243
curve_dominating,a,15,0.251
curve_dominating,a,16,0.262
curve_dominating,a,17,0.29
curve_dominating,a,18,0.296
curve_dominating,a,19,0.324
curve_dominating,a,20,0.346
curve_dominating,a,21,0.352
curve_dominating,a,22,0.357
curve_dominating,a,23,0.379
curve_dominating,a,24,0.389
curve_dominating,b,0,0.576
curve_dominating,b,1,0.583
curve_dominating,b,2,0.587
curve_dominating,b,3,0.6
curve_dominating,b,4,0.626
curve_dominating,b,5,0.642
curve_dominating,b,6,0.674
curve_dominating,b,7,0.684
curve_dominating,b,8,0.688
curve_dominating,b,9,0.706
curve_dominating,b,10,0.715
curve_dominating,b,11,0.761
curve_dominating,b,12,0.768
curve_dominating,b,13,0.807
curve_dominating,b,14,0.815
curve_dominating,b,15,0.819
curve_dominating,b,16,0.839
curve_dominating,b,17,0.859
curve_dominating,b,18,0.87
curve_dominating,b,19,0.909
curve_dominating,b,20,0.911
curve_dominating,b,21,0.918
curve_dominating,b,22,0.97
curve_dominating,b,23,0.98
curve_dominating,b,24,0.992
curve_identical,a,0,0.005
curve_identical,a,1,0.082
curve_identical,a,2,0.122
curve_identical,a,3,0.158
curve_identical,a,4,0.25
curve_identical,a,5,0.282
curve_identical,a,6,0.344
curve_identical,a,7,0.351
curve_identical,a,8,0.434
curve_identical,a,9,0.493
curve_identical,a,10,0.546
curve_identical,a,11,0.624
curve_identical,a,12,0.648
curve_identical,a,13,0.72
curve_identical,a,14,0.75
curve_identical,a,15,0.826
curve_identical,a,16,0.881
curve_identical,a,17,0.884
curve_identical,b,0,0.005
curve_identical,b,1,0.082
curve_identical,b,2,0.122
curve_identical,b,3,0.158
curve_identical,b,4,0.25
curve_identical,b,5,0.282
curve_identical,b,6,0.344
curve_identical,b,7,0.351
curve_identical,b,8,0.434
curve_identical,b,9,0.493
curve_identical,b,10,0.546
curve_identical,b,11,0.624
curve_identical,b,12,0.648
curve_identical,b,13,0.72
curve_identical,b,14,0.75
curve_identical,b,15,0.826
curve_identical,b,16,0.881
curve_identical,b,17,0.884
disjoint_100_100,a,0,0.0
disjoint_100_100,a,1,1.0
disjoint_100_100,a,2,2.0
disjoint_100_100,a,3,3.0
disjoint_100_100,a,4,4.0
disjoint_100_100,a,5,5.0
disjoint_100_100,a,6,6.0
disjoint_100_100,a,7,7.0
disjoint_100_100,a,8,8.0
disjoint_100_100,a,9,9.0
disjoint_100_100,a,10,10.0
disjoint_100_100,a,11,11.0
disjoint_100_100,a,12,12.0
disjoint_100_100,a,13,13.0
disjoint_100_100,a,14,14.0
disjoint_100_100,a,15,15.0
disjoint_100_100,a,16,16.0
disjoint_100_100,a,17,17.0
disjoint_100_100,a,18,18.0
disjoint_100_100,a,19,19.0
disjoint_100_100,a,20,20.0
disjoint_100_100,a,21,21.0
disjoint_100_100,a,22,22.0
disjoint_100_100,a,23,23.0
disjoint_100_100,a,24,24.0
disjoint_100_100,a,25,25.0
disjoint_100_100,a,26,26.0
disjoint_100_100,a,27,27.0
disjoint_100_100,a,28,28.0
disjoint_100_100,a,29,29.0
disjoint_100_100,a,30,30.0
disjoint_100_100,a,31,31.0
disjoint_100_100,a,32,32.0
disjoint_100_100,a,33,33.0
disjoint_100_100,a,34,34.0
disjoint_100_100,a,35,35.0
disjoint_100_100,a,36,36.0
disjoint_100_100,a,37,37.0
disjoint_100_100,a,38,38.0
disjoint_100_100,a,39,39.0
disjoint_100_100,a,40,40.0
disjoint_100_100,a,41,41.0
disjoint_100_100,a,42,42.0
disjoint_100_100,a,43,43.0
disjoint_100_100,a,44,44.0
disjoint_100_100,a,45,45.0
disjoint_100_100,a,46,46.0
disjoint_100_100,a,47,47.0
disjoint_100_100,a,48,48.0
disjoint_100_100,a,49,49.0
disjoint_100_100,a,50,50.0
disjoint_100_100,a,51,51.0
disjoint_100_100,a,52,52.0
disjoint_100_100,a,53,53.0
disjoint_100_100,a,54,54.0
disjoint_100_100,a,55,55.0
disjoint_100_100,a,56,56.0
disjoint_100_100,a,57,57.0
disjoint_100_100,a,58,58.0
disjoint_100_100,a,59,59.0
disjoint_100_100,a,60,60.0
disjoint_100_100,a,61,61.0
disjoint_100_100,a,62,62.0
disjoint_100_100,a,63,63.0
disjoint_100_100,a,64,64.0
disjoint_100_100,a,65,65.0
disjoint_100_100,a,66,66.0
disjoint_100_100,a,67,67.0
disjoint_100_100,a,68,68.0
disjoint_100_100,a,69,69.0
disjoint_100_100,a,70,70.0
disjoint_100_100,a,71,71.0
disjoint_100_100,a,72,72.0
disjoint_100_100,a,73,73.0
disjoint_100_100,a,74,74.0
disjoint_100_100,a,75,75.0
disjoint_100_100,a,76,76.0
disjoint_100_100,a,77,77.0
disjoint_100_100,a,78,78.0
disjoint_100_100,a,79,79.0
disjoint_100_100,a,80,80.0
disjoint_100_100,a,81,81.0
disjoint_100_100,a,82,82.0
disjoint_100_100,a,83,83.0
disjoint_100_100,a,84,84.0
disjoint_100_100,a,85,85.0
disjoint_100_100,a,86,86.0
disjoint_100_100,a,87,87.0
disjoint_100_100,a,88,88.0
disjoint_100_100,a,89,89.0
disjoint_100_100,a,90,90.0
disjoint_100_100,a,91,91.0
disjoint_100_100,a,92,92.0
disjoint_100_100,a,93,93.0
disjoint_100_100,a,94,94.0
disjoint_100_100,a,95,95.0
disjoint_100_100,a,96,96.0
disjoint_100_100,a,97,97.0
disjoint_100_100,a,98,98.0
disjoint_100_100,a,99,99.0
disjoint_100_100,b,0,1000000.0
disjoint_100_100,b,1,1000001.0
disjoint_100_100,b,2,1000002.0
disjoint_100_100,b,3,1000003.0
disjoint_100_100,b,4,1000004.0
disjoint_100_100,b,5,1000005.0
disjoint_100_100,b,6,1000006.0
disjoint_100_100,b,7,1000007.0
disjoint_100_100,b,8,1000008.0
disjoint_100_100,b,9,1000009.0
disjoint_100_100,b,10,1000010.0
disjoint_100_100,b,11,1000011.0
disjoint_100_100,b,12,1000012.0
disjoint_100_100,b,13,1000013.0
disjoint_100_100,b,14,1000014.0
disjoint_100_100,b,15,1000015.0
disjoint_100_100,b,16,1000016.0
disjoint_100_100,b,17,1000017.0
disjoint_100_100,b,18,1000018.0
disjoint_100_100,b,19,1000019.0
disjoint_100_100,b,20,1000020.0
disjoint_100_100,b,21,1000021.0
disjoint_100_100,b,22,1000022.0
disjoint_100_100,b,23,1000023.0
disjoint_100_100,b,24,1000024.0
disjoint_100_100,b,25,1000025.0
disjoint_100_100,b,26,1000026.0
disjoint_100_100,b,27,1000027.0
disjoint_100_100,b,28,1000028.0
disjoint_100_100,b,29,1000029.0
disjoint_100_100,b,30,1000030.0
disjoint_100_100,b,31,1000031.0
disjoint_100_100,b,32,1000032.0
disjoint_100_100,b,33,1000033.0
disjoint_100_100,b,34,1000034.0
disjoint_100_100,b,35,1000035.0
disjoint_100_100,b,36,1000036.0
disjoint_100_100,b,37,1000037.0
disjoint_100_100,b,38,1000038.0
disjoint_100_100,b,39,1000039.0
disjoint_100_100,b,40,1000040.0
disjoint_100_100,b,41,1000041.0
disjoint_100_100,b,42,1000042.0
disjoint_100_100,b,43,1000043.0
disjoint_100_100,b,44,1000044.0
disjoint_100_100,b,45,1000045.0
disjoint_100_100,b,46,1000046.0
disjoint_100_100,b,47,1000047.0
disjoint_100_100,b,48,1000048.0
disjoint_100_100,b,49,1000049.0
disjoint_100_100,b,50,1000050.0
disjoint_100_100,b,51,1000051.0
disjoint_100_100,b,52,1000052.0
disjoint_100_100,b,53,1000053.0
disjoint_100_100,b,54,1000054.0
disjoint_100_100,b,55,1000055.0
disjoint_100_100,b,56,1000056.0
disjoint_100_100,b,57,1000057.0
disjoint_100_100,b,58,1000058.0
disjoint_100_100,b,59,1000059.0
disjoint_100_100,b,60,1000060.0
disjoint_100_100,b,61,1000061.0
disjoint_100_100,b,62,1000062.0
disjoint_100_100,b,63,1000063.0
disjoint_100_100,b,64,1000064.0
disjoint_100_100,b,65,1000065.0
disjoint_100_100,b,66,1000066.0
disjoint_100_100,b,67,1000067.0
disjoint_100_100,b,68,1000068.0
disjoint_100_100,b,69,1000069.0
disjoint_100_100,b,70,1000070.0
disjoint_100_100,b,71,1000071.0
disjoint_100_100,b,72,1000072.0
disjoint_100_100,b,73,1000073.0
disjoint_100_100,b,74,1000074.0
disjoint_100_100,b,75,1000075.0
disjoint_100_100,b,76,1000076.0
disjoint_100_100,b,77,1000077.0
disjoint_100_100,b,78,1000078.0
disjoint_100_100,b,79,1000079.0
disjoint_100_100,b,80,1000080.0
disjoint_100_100,b,81,1000081.0
disjoint_100_100,b,82,1000082.0
disjoint_100_100,b,83,1000083.0
disjoint_100_100,b,84,1000084.0
disjoint_100_100,b,85,1000085.0
disjoint_100_100,b,86,1000086.0
disjoint_100_100,b,87,1000087.0
disjoint_100_100,b,88,1000088.0
disjoint_100_100,b,89,1000089.0
disjoint_100_100,b,90,1000090.0
disjoint_100_100,b,91,1000091.0
disjoint_100_100,b,92,1000092.0
disjoint_100_100,b,93,1000093.0
disjoint_100_100,b,94,1000094.0
disjoint_100_100,b,95,1000095.0
disjoint_100_100,b,96,1000096.0
disjoint_100_100,b,97,1000097.0
disjoint_100_100,b,98,1000098.0
disjoint_100_100,b,99,1000099.0
disjoint_2_2,a,0,1.0
disjoint_2_2,a,1,2.0
disjoint_2_2,b,0,10.0
disjoint_2_2,b,1,20.0
disjoint_50_50,a,0,0.0
disjoint_50_50,a,1,1.0
disjoint_50_50,a,2,2.0
disjoint_50_50,a,3,3.0
disjoint_50_50,a,4,4.0
disjoint_50_50,a,5,5.0
disjoint_50_50,a,6,6.0
disjoint_50_50,a,7,7.0
disjoint_50_50,a,8,8.0
disjoint_50_50,a,9,9.0
disjoint_50_50,a,10,10.0
disjoint_50_50,a,11,11.0
disjoint_50_50,a,12,12.0
disjoint_50_50,a,13,13.0
disjoint_50_50,a,14,14.0
disjoint_50_50,a,15,15.0
disjoint_50_50,a,16,16.0
disjoint_50_50,a,17,17.0
disjoint_50_50,a,18,18.0
disjoint_50_50,a,19,19.0
disjoint_50_50,a,20,20.0
disjoint_50_50,a,21,21.0
disjoint_50_50,a,22,22.0
disjoint_50_50,a,23,23.0
disjoint_50_50,a,24,24.0
disjoint_50_50,a,25,25.0
disjoint_50_50,a,26,26.0
disjoint_50_50,a,27,27.0
disjoint_50_50,a,28,28.0
disjoint_50_50,a,29,29.0
disjoint_50_50,a,30,30.0
disjoint_50_50,a,31,31.0
disjoint_50_50,a,32,32.0
disjoint_50_50,a,33,33.0
disjoint_50_50,a,34,34.0
disjoint_50_50,a,35,35.0
disjoint_50_50,a,36,36.0
disjoint_50_50,a,37,37.0
disjoint_50_50,a,38,38.0
disjoint_50_50,a,39,39.0
disjoint_50_50,a,40,40.0
disjoint_50_50,a,41,41.0
disjoint_50_50,a,42,42.0
disjoint_50_50,a,43,43.0
disjoint_50_50,a,44,44.0
disjoint_50_50,a,45,45.0
disjoint_50_50,a,46,46.0
disjoint_50_50,a,47,47.0
disjoint_50_50,a,48,48.0
disjoint_50_50,a,49,49.0
disjoint_50_50,b,0,1000.0
disjoint_50_50,b,1,1001.0
disjoint_50_50,b,2,1002.0
disjoint_50_50,b,3,1003.0
disjoint_50_50,b,4,1004.0
disjoint_50_50,b,5,1005.0
disjoint_50_50,b,6,1006.0
disjoint_50_50,b,7,1007.0
disjoint_50_50,b,8,1008.0
disjoint_50_50,b,9,1009.0
disjoint_50_50,b,10,1010.0
disjoint_50_50,b,11,1011.0
disjoint_50_50,b,12,1012.0
disjoint_50_50,b,13,1013.0
disjoint_50_50,b,14,1014.0
disjoint_50_50,b,15,1015.0
disjoint_50_50,b,16,1016.0
disjoint_50_50,b,17,1017.0
disjoint_50_50,b,18,1018.0
disjoint_50_50,b,19,1019.0
disjoint_50_50,b,20,1020.0
disjoint_50_50,b,21,1021.0
disjoint_50_50,b,22,1022.0
disjoint_50_50,b,23,1023.0
disjoint_50_50,b,24,1024.0
disjoint_50_50,b,25,1025.0
disjoint_50_50,b,26,1026.0
disjoint_50_50,b,27,1027.0
disjoint_50_50,b,28,1028.0
disjoint_50_50,b,29,1029.0
disjoint_50_50,b,30,1030.0
disjoint_50_50,b,31,1031.0
disjoint_50_50,b,32,1032.0
disjoint_50_50,b,33,1033.0
disjoint_50_50,b,34,1034.0
disjoint_50_50,b,35,1035.0
disjoint_50_50,b,36,1036.0
disjoint_50_50,b,37,1037.0
disjoint_50_50,b,38,1038.0
disjoint_50_50,b,39,1039.0
disjoint_50_50,b,40,1040.0
disjoint_50_50,b,41,1041.0
disjoint_50_50,b,42,1042.0
disjoint_50_50,b,43,1043.0
disjoint_50_50,b,44,1044.0
disjoint_50_50,b,45,1045.0
disjoint_50_50,b,46,1046.0
disjoint_50_50,b,47,1047.0
disjoint_50_50,b,48,1048.0
disjoint_50_50,b,49,1049.0
disjoint_5_5,a,0,1.0
disjoint_5_5,a,1,2.0
disjoint_5_5,a,2,3.0
disjoint_5_5,a,3,4.0
disjoint_5_5,a,4,5.0
disjoint_5_5,b,0,6.0
disjoint_5_5,b,1,7.0
disjoint_5_5,b,2,8.0
disjoint_5_5,b,3,9.0
disjoint_5_5,b,4,10.0
extreme_ties_20_20,a,0,0.0
extreme_ties_20_20,a,1,0.0
extreme_ties_20_20,a,2,0.0
extreme_ties_20_20,a,3,0.0
extreme_ties_20_20,a,4,0.0
extreme_ties_20_20,a,5,0.0
extreme_ties_20_20,a,6,0.0
extreme_ties_20_20,a,7,0.0
extreme_ties_20_20,a,8,0.0
extreme_ties_20_20,a,9,0.0
extreme_ties_20_20,a,10,0.0
extreme_ties_20_20,a,11,0.0
extreme_ties_20_20,a,12,0.0
extreme_ties_20_20,a,13,0.0
extreme_ties_20_20,a,14,0.0
extreme_ties_20_20,a,15,0.0
extreme_ties_20_20,a,16,0.0
extreme_ties_20_20,a,17,0.0
extreme_ties_20_20,a,18,0.0
extreme_ties_20_20,a,19,0.0
extreme_ties_20_20,b,0,1.0
extreme_ties_20_20,b,1,1.0
extreme_ties_20_20,b,2,1.0
extreme_ties_20_20,b,3,1.0
extreme_ties_20_20,b,4,1.0
extreme_ties_20_20,b,5,1.0
extreme_ties_20_20,b,6,1.0
extreme_ties_20_20,b,7,1.0
extreme_ties_20_20,b,8,1.0
extreme_ties_20_20,b,9,1.0
extreme_ties_20_20,b,10,1.0
extreme_ties_20_20,b,11,1.0
extreme_ties_20_20,b,12,1.0
extreme_ties_20_20,b,13,1.0
extreme_ties_20_20,b,14,1.0
extreme_ties_20_20,b,15,1.0
extreme_ties_20_20,b,16,1.0
extreme_ties_20_20,b,17,1.0
extreme_ties_20_20,b,18,1.0
extreme_ties_20_20,b,19,1.0
h1_overshoot_5_5,a,0,1.0
h1_overshoot_5_5,a,1,2.0
h1_overshoot_5_5,a,2,3.0
h1_overshoot_5_5,a,3,4.0
h1_overshoot_5_5,a,4,5.0
h1_overshoot_5_5,b,0,1.5
h1_overshoot_5_5,b,1,2.5
h1_overshoot_5_5,b,2,3.5
h1_overshoot_5_5,b,3,4.5
h1_overshoot_5_5,b,4,5.5
identical_small,a,0,1.0
identical_small,a,1,2.0
identical_small,a,2,3.0
identical_small,b,0,1.0
identical_small,b,1,2.0
identical_small,b,2,3.0
identical_tied,a,0,1.0
identical_tied,a,1,1.0
identical_tied,a,2,2.0
identical_tied,a,3,2.0
identical_tied,a,4,3.0
identical_tied,b,0,1.0
identical_tied,b,1,1.0
identical_tied,b,2,2.0
identical_tied,b,3,2.0
identical_tied,b,4,3.0
lopsided_2_97,a,0,-0.9677399179460213
lopsided_2_97,a,1,-0.8468308740203186
lopsided_2_97,b,0,-0.0705763118602448
lopsided_2_97,b,1,-1.4637870483708957
lopsided_2_97,b,2,-0.2561130018025819
lopsided_2_97,b,3,0.24409328815797732
lopsided_2_97,b,4,-0.5443757136536399
lopsided_2_97,b,5,-0.4848350596876968
lopsided_2_97,b,6,-0.12765683976486647
lopsided_2_97,b,7,-0.5838888393697106
lopsided_2_97,b,8,-0.26182005979214834
lopsided_2_97,b,9,-0.30254353968682324
lopsided_2_97,b,10,-0.1354605682352398
lopsided_2_97,b,11,0.47705394208210405
lopsided_2_97,b,12,-1.7778522511851245
lopsided_2_97,b,13,-0.08314812167421873
lopsided_2_97,b,14,1.4254532435051945
lopsided_2_97,b,15,0.7420172946634834
lopsided_2_97,b,16,0.8328175871148193
lopsided_2_97,b,17,2.2505616926729317
lopsided_2_97,b,18,-0.8772375202194399
lopsided_2_97,b,19,0.2932561373260711
lopsided_2_97,b,20,-0.08073775132276521
lopsided_2_97,b,21,1.392312600264187
lopsided_2_97,b,22,-2.73836325039008
lopsided_2_97,b,23,-0.05860511908286104
lopsided_2_97,b,24,0.24843282264266148
lopsided_2_97,b,25,1.1376450133932605
lopsided_2_97,b,26,-0.3908586279601328
lopsided_2_97,b,27,0.37868477102954334
lopsided_2_97,b,28,0.21482521717804373
lopsided_2_97,b,29,-0.8376775969623836
lopsided_2_97,b,30,-1.16946220245075
lopsided_2_97,b,31,0.3832871230526059
lopsided_2_97,b,32,-1.328459495014072
lopsided_2_97,b,33,-0.6225494974209037
lopsided_2_97,b,34,0.730460200612573
lopsided_2_97,b,35,0.6235011531952719
lopsided_2_97,b,36,0.4000429421483763
lopsided_2_97,b,37,0.21858784677029164
lopsided_2_97,b,38,1.4596561061039666
lopsided_2_97,b,39,0.009477883356632112
lopsided_2_97,b,40,-0.15105624516993227
lopsided_2_97,b,41,-1.263579610143474
lopsided_2_97,b,42,-2.1880116307792528
lopsided_2_97,b,43,-0.581003849380491
lopsided_2_97,b,44,0.8310250865041398
lopsided_2_97,b,45,-0.04336548247751713
lopsided_2_97,b,46,-0.091394839742765
lopsided_2_97,b,47,-1.3359230322285738
lopsided_2_97,b,48,0.20068910367136744
lopsided_2_97,b,49,1.0358684211385316
lopsided_2_97,b,50,1.5568531600244435
lopsided_2_97,b,51,-1.781432551243508
lopsided_2_97,b,52,-1.0023760963973387
lopsided_2_97,b,53,0.5765845887718213
lopsided_2_97,b,54,-1.8112034399491532
lopsided_2_97,b,55,0.3738450105153041
lopsided_2_97,b,56,0.3788729273705577
lopsided_2_97,b,57,-0.6536123062301087
lopsided_2_97,b,58,-1.0055279595071045
lopsided_2_97,b,59,0.513258076426721
lopsided_2_97,b,60,1.4772488109031603
lopsided_2_97,b,61,-0.11167542460454422
lopsided_2_97,b,62,0.04815587097900139
lopsided_2_97,b,63,-0.25058086119242357
lopsided_2_97,b,64,1.9403354484266475
lopsided_2_97,b,65,-0.6126077665953917
lopsided_2_97,b,66,-0.8377362332438242
lopsided_2_97,b,67,0.3427532061295594
lopsided_2_97,b,68,-1.3562166768134234
lopsided_2_97,b,69,-0.9705189274858894
lopsided_2_97,b,70,-0.2275355844182963
lopsided_2_97,b,71,0.025593164482349773
lopsided_2_97,b,72,1.3845372109721295
lopsided_2_97,b,73,-0.23412245263085496
lopsided_2_97,b,74,-0.47041580552052426
lopsided_2_97,b,75,-1.1102779931629523
lopsided_2_97,b,76,-0.7163401216374214
lopsided_2_97,b,77,0.14108983399521577
lopsided_2_97,b,78,-0.8369404211158672
lopsided_2_97,b,79,0.5703510186777346
lopsided_2_97,b,80,-0.549485712111658
lopsided_2_97,b,81,-0.20936763370460393
lopsided_2_97,b,82,0.1959239835004962
lopsided_2_97,b,83,-1.0256887087420148
lopsided_2_97,b,84,-0.953597278193871
lopsided_2_97,b,85,1.399284005474041
lopsided_2_97,b,86,-0.6655840018951505
lopsided_2_97,b,87,0.7513772689028183
lopsided_2_97,b,88,-0.3734455794249043
lopsided_2_97,b,89,0.29608864903704335
lopsided_2_97,b,90,0.8416943174966365
lopsided_2_97,b,91,-0.7202607595485928
lopsided_2_97,b,92,-1.5329987843792272
lopsided_2_97,b,93,-0.40502597334225376
lopsided_2_97,b,94,-0.6608225387592199
lopsided_2_97,b,95,-0.17416311066530107
lopsided_2_97,b,96,1.8402602371639916
lopsided_97_2,a,0,0.19851051731328964
lopsided_97_2,a,1,0.9999233774994003
lopsided_97_2,a,2,-0.3232239430880334
lopsided_97_2,a,3,2.149961362581556
lopsided_97_2,a,4,0.26093659242905326
lopsided_97_2,a,5,-0.7815482935708664
lopsided_97_2,a,6,0.04168116442329174
lopsided_97_2,a,7,0.09372478075506742
lopsided_97_2,a,8,1.2379073475942803
lopsided_97_2,a,9,0.7166723910883863
lopsided_97_2,a,10,-0.270496865224176
lopsided_97_2,a,11,0.0067150839806195285
lopsided_97_2,a,12,-0.13212027582037048
lopsided_97_2,a,13,-0.5697882212855985
lopsided_97_2,a,14,-0.33051716624093935
lopsided_97_2,a,15,-0.693058432773569
lopsided_97_2,a,16,0.4870355384044538
lopsided_97_2,a,17,0.6113128863281654
lopsided_97_2,a,18,1.0589745409047424
lopsided_97_2,a,19,-0.4853936435134781
lopsided_97_2,a,20,-0.5624747528010674
lopsided_97_2,a,21,-1.517739487983109
lopsided_97_2,a,22,0.344559913044915
lopsided_97_2,a,23,-1.7390210546682672
lopsided_97_2,a,24,-0.10666653648321568
lopsided_97_2,a,25,0.043011369250885695
lopsided_97_2,a,26,-0.8520935513357262
lopsided_97_2,a,27,0.5106957174243456
lopsided_97_2,a,28,-0.012263803983424927
lopsided_97_2,a,29,-0.09647114127846661
lopsided_97_2,a,30,-0.7637504046276541
lopsided_97_2,a,31,0.3172309470852473
lopsided_97_2,a,32,1.4421218407492444
lopsided_97_2,a,33,0.21841331863599792
lopsided_97_2,a,34,1.8905211609635701
lopsided_97_2,a,35,-0.6208513225056463
lopsided_97_2,a,36,-1.0481912556315038
lopsided_97_2,a,37,-0.3278957214808929
lopsided_97_2,a,38,0.527065842353622
lopsided_97_2,a,39,0.1470693446441301
lopsided_97_2,a,40,0.3026227477691053
lopsided_97_2,a,41,1.2950964999350691
lopsided_97_2,a,42,-0.8432461472600437
lopsided_97_2,a,43,-0.20635057545005384
lopsided_97_2,a,44,-1.1670793718030812
lopsided_97_2,a,45,0.7327226770721929
lopsided_97_2,a,46,0.4115537058975924
lopsided_97_2,a,47,0.39011479637000207
lopsided_97_2,a,48,0.4308096045536917
lopsided_97_2,a,49,0.2746422390148059
lopsided_97_2,a,50,-0.17026433405221741
lopsided_97_2,a,51,-0.7121880329204701
lopsided_97_2,a,52,-1.1952333654939775
lopsided_97_2,a,53,-0.6776629947552557
lopsided_97_2,a,54,1.2914777285945012
lopsided_97_2,a,55,-0.3476213772290226
lopsided_97_2,a,56,0.8104162599734388
lopsided_97_2,a,57,0.2273724348989329
lopsided_97_2,a,58,0.8401149685366816
lopsided_97_2,a,59,1.1066165940672363
lopsided_97_2,a,60,-1.1751133720536575
lopsided_97_2,a,61,0.6717096432927832
lopsided_97_2,a,62,0.6504546648233501
lopsided_97_2,a,63,-2.0164423622605234
lopsided_97_2,a,64,0.4329395616069176
lopsided_97_2,a,65,0.7901156420290697
lopsided_97_2,a,66,0.7067144805095945
lopsided_97_2,a,67,1.4215959740693542
lopsided_97_2,a,68,0.04362575194987027
lopsided_97_2,a,69,-1.5294562171946855
lopsided_97_2,a,70,1.2460302669899757
lopsided_97_2,a,71,0.7813629332062485
lopsided_97_2,a,72,1.0265662547495567
lopsided_97_2,a,73,2.25966534876302
lopsided_97_2,a,74,0.2469159483664713
lopsided_97_2,a,75,-0.045585086151511786
lopsided_97_2,a,76,0.18990716494019694
lopsided_97_2,a,77,0.5343417479089527
lopsided_97_2,a,78,0.145351704018357
lopsided_97_2,a,79,-0.4664995359251581
lopsided_97_2,a,80,0.3010577518397837
lopsided_97_2,a,81,0.09021353607576307
lopsided_97_2,a,82,0.6621153066767284
lopsided_97_2,a,83,-0.9449492461787482
lopsided_97_2,a,84,1.6532949649896396
lopsided_97_2,a,85,0.36970106578790146
lopsided_97_2,a,86,1.0310910768635009
lopsided_97_2,a,87,0.27546391377338425
lopsided_97_2,a,88,-1.081288970170394
lopsided_97_2,a,89,0.06211534651648643
lopsided_97_2,a,90,-0.3241496070893111
lopsided_97_2,a,91,-0.06198563929518917
lopsided_97_2,a,92,-1.2250898345897032
lopsided_97_2,a,93,0.5149932137292557
lopsided_97_2,a,94,1.1811276803451485
lopsided_97_2,a,95,-0.8726366758073634
lopsided_97_2,a,96,0.3932195974154459
lopsided_97_2,b,0,1.1218705387979466
lopsided_97_2,b,1,0.2573678000773804
moderate_150_211,a,0,1.0558302605330347
moderate_150_211,a,1,-0.5314971081363674
moderate_150_211,a,2,-0.9635470592612976
moderate_150_211,a,3,0.7427536335131462
moderate_150_211,a,4,-0.32790108708167176
moderate_150_211,a,5,0.12986155882770578
moderate_150_211,a,6,-0.3294444388825834
moderate_150_211,a,7,-1.1665132710225112
moderate_150_211,a,8,0.7196899106061101
moderate_150_211,a,9,-0.14640670186714191
moderate_150_211,a,10,0.12328550130539716
moderate_150_211,a,11,-0.7101095321946062
moderate_150_211,a,12,0.2703412598859837
moderate_150_211,a,13,-0.6950004814998301
moderate_150_211,a,14,-0.8651471832365594
moderate_150_211,a,15,-0.9072665585341538
moderate_150_211,a,16,-0.2691168784388453
moderate_150_211,a,17,-1.3302711637400904
moderate_150_211,a,18,1.8502238850146941
moderate_150_211,a,19,-1.4392516250289649
moderate_150_211,a,20,-1.6708381646964803
moderate_150_211,a,21,-0.2731135944640235
moderate_150_211,a,22,-1.032724426930683
moderate_150_211,a,23,2.213389680076049
moderate_150_211,a,24,1.5105298511913232
moderate_150_211,a,25,2.017285024024442
moderate_150_211,a,26,0.3508668298219551
moderate_150_211,a,27,2.2977878771276843
moderate_150_211,a,28,-0.4187746008895025
moderate_150_211,a,29,-0.5933054196482348
moderate_150_211,a,30,0.34159480100839756
moderate_150_211,a,31,1.2609970434265787
moderate_150_211,a,32,1.7298587478897198
moderate_150_211,a,33,-1.2059625938928813
moderate_150_211,a,34,0.17866099759362175
moderate_150_211,a,35,0.3421308265902959
moderate_150_211,a,36,2.137266058277256
moderate_150_211,a,37,-0.7386231258359651
moderate_150_211,a,38,0.3494926080174579
moderate_150_211,a,39,-1.9201005354668932
moderate_150_211,a,40,0.18280704029000364
moderate_150_211,a,41,0.5165204344342966
moderate_150_211,a,42,0.7116447100095655
moderate_150_211,a,43,1.2266887646401625
moderate_150_211,a,44,0.21011160801819168
moderate_150_211,a,45,0.9200839018914335
moderate_150_211,a,46,1.619042298882403
moderate_150_211,a,47,-0.5791221451620097
moderate_150_211,a,48,-1.1060270467938975
moderate_150_211,a,49,0.5484394129697712
moderate_150_211,a,50,-1.9582981667326678
moderate_150_211,a,51,-0.08836083737511337
moderate_150_211,a,52,0.0730411310728834
moderate_150_211,a,53,-1.1889572561479236
moderate_150_211,a,54,-1.2156389476762381
moderate_150_211,a,55,-1.150032954648691
moderate_150_211,a,56,1.5829117032717213
moderate_150_211,a,57,0.2719529038276457
moderate_150_211,a,58,-0.23935132016068614
moderate_150_211,a,59,0.6910879662628019
moderate_150_211,a,60,0.6288721443613264
moderate_150_211,a,61,0.5505279091225258
moderate_150_211,a,62,0.4179940297991394
moderate_150_211,a,63,-0.1663116210338673
moderate_150_211,a,64,-0.5931353866199722
moderate_150_211,a,65,0.022415288965102562
moderate_150_211,a,66,-1.5264630255729073
moderate_150_211,a,67,0.30921923827927245
moderate_150_211,a,68,0.31757042445229994
moderate_150_211,a,69,0.8884771937216918
moderate_150_211,a,70,-0.4239180008899748
moderate_150_211,a,71,1.6113973669803536
moderate_150_211,a,72,0.009776784890396989
moderate_150_211,a,73,-1.0900805372096514
moderate_150_211,a,74,-0.010780459985836176
moderate_150_211,a,75,-1.4120318396688918
moderate_150_211,a,76,-1.326433589107181
moderate_150_211,a,77,-0.9155502615162557
moderate_150_211,a,78,0.16170116504567542
moderate_150_211,a,79,-0.5359506043870773
moderate_150_211,a,80,-0.13930754447046897
moderate_150_211,a,81,-0.10286477967602503
moderate_150_211,a,82,-0.9288281851302984
moderate_150_211,a,83,0.5105156934777799
moderate_150_211,a,84,-0.8610169212896822
moderate_150_211,a,85,-0.29771358790862373
moderate_150_211,a,86,1.096459280633325
moderate_150_211,a,87,-0.9823343769839874
moderate_150_211,a,88,0.6134857899787712
moderate_150_211,a,89,1.3559748261600804
moderate_150_211,a,90,-0.5491772755193797
moderate_150_211,a,91,-1.311479145959398
moderate_150_211,a,92,-1.839181203153197
moderate_150_211,a,93,-0.1831858571550017
moderate_150_211,a,94,0.8095746105447654
moderate_150_211,a,95,-1.216738107245337
moderate_150_211,a,96,0.2201452520401234
moderate_150_211,a,97,0.05718284824939123
moderate_150_211,a,98,-0.04125630841690029
moderate_150_211,a,99,2.4188455669485984
moderate_150_211,a,100,0.4893265280289461
moderate_150_211,a,101,-0.535841484603717
moderate_150_211,a,102,1.095767616241287
moderate_150_211,a,103,2.297169195943604
moderate_150_211,a,104,0.36130867725179094
moderate_150_211,a,105,1.5551726076222505
moderate_150_211,a,106,0.11432335702108984
moderate_150_211,a,107,0.9188872695083106
moderate_150_211,a,108,0.31840460288022515
moderate_150_211,a,109,-0.5240066095865843
moderate_150_211,a,110,-0.7408369802963424
moderate_150_211,a,111,0.07927969175082847
moderate_150_211,a,112,1.0185509410260076
moderate_150_211,a,113,-0.3709342813180749
moderate_150_211,a,114,-0.8982727541957344
moderate_150_211,a,115,-0.1503884556341142
moderate_150_211,a,116,1.5546793195009196
moderate_150_211,a,117,0.4345872738512664
moderate_150_211,a,118,-0.4380907450240423
moderate_150_211,a,119,-0.4730492326469758
moderate_150_211,a,120,0.1601936841608928
moderate_150_211,a,121,0.02947364373149059
moderate_150_211,a,122,-0.7962403765485783
moderate_150_211,a,123,0.4015715423963295
moderate_150_211,a,124,0.4021036910998733
moderate_150_211,a,125,0.43979882135502757
moderate_150_211,a,126,-0.4855478057306299
moderate_150_211,a,127,-0.3209718970033138
moderate_150_211,a,128,0.468937203141212
moderate_150_211,a,129,-0.7835939391660249
moderate_150_211,a,130,-0.16705650243777193
moderate_150_211,a,131,-0.7933856870686363
moderate_150_211,a,132,-0.2544054929572046
moderate_150_211,a,133,0.05147621434448151
moderate_150_211,a,134,-1.073873981863115
moderate_150_211,a,135,0.5276120079803159
moderate_150_211,a,136,-1.5074049710183133
moderate_150_211,a,137,-0.9237962581224506
moderate_150_211,a,138,-0.4986545617286404
moderate_150_211,a,139,0.8275921272867932
moderate_150_211,a,140,0.5498618068395484
moderate_150_211,a,141,-1.7851271890752902
moderate_150_211,a,142,0.1512997306942693
moderate_150_211,a,143,0.7106311513480689
moderate_150_211,a,144,-0.8409621656313981
moderate_150_211,a,145,-1.6005844934399525
moderate_150_211,a,146,-1.0893905677300928
moderate_150_211,a,147,-0.24865861606154913
moderate_150_211,a,148,0.429112904632082
moderate_150_211,a,149,-0.38721289418070215
moderate_150_211,b,0,0.6146972450247778
moderate_150_211,b,1,-1.085607187594637
moderate_150_211,b,2,-0.9556878384652872
moderate_150_211,b,3,-0.6061991518435348
moderate_150_211,b,4,-1.3403689880944005
moderate_150_211,b,5,0.5009031148261798
moderate_150_211,b,6,-0.4911611828534676
moderate_150_211,b,7,-0.6238901562249806
moderate_150_211,b,8,-0.8971217064357841
moderate_150_211,b,9,-0.02969179602219943
moderate_150_211,b,10,0.621769960780939
moderate_150_211,b,11,0.22822542500970622
moderate_150_211,b,12,2.5725138001298644
moderate_150_211,b,13,-0.4215864416442922
moderate_150_211,b,14,1.214720213991733
moderate_150_211,b,15,0.6035726533846727
moderate_150_211,b,16,0.5895331460224763
moderate_150_211,b,17,-1.6100509040148523
moderate_150_211,b,18,-0.530193754878787
moderate_150_211,b,19,0.7537599049761823
moderate_150_211,b,20,0.27972461204490046
moderate_150_211,b,21,0.09105078629135543
moderate_150_211,b,22,-0.38487438827121284
moderate_150_211,b,23,0.0574074029050356
moderate_150_211,b,24,0.3666228782345718
moderate_150_211,b,25,-0.4231193190062427
moderate_150_211,b,26,-1.1969220554785258
moderate_150_211,b,27,0.23401208782413474
moderate_150_211,b,28,-0.6930337392947141
moderate_150_211,b,29,1.6573782443789622
moderate_150_211,b,30,-0.41081240976934424
moderate_150_211,b,31,0.6389972068914511
moderate_150_211,b,32,1.0897660947362566
moderate_150_211,b,33,1.021037410793482
moderate_150_211,b,34,-0.706767120308688
moderate_150_211,b,35,1.8186205216773461
moderate_150_211,b,36,1.0453808508327571
moderate_150_211,b,37,-0.037618176465678055
moderate_150_211,b,38,0.10321810340949254
moderate_150_211,b,39,0.8725942978063068
moderate_150_211,b,40,-1.2107933407267477
moderate_150_211,b,41,-0.4169082082655769
moderate_150_211,b,42,0.6859148607859219
moderate_150_211,b,43,-0.9065272358579808
moderate_150_211,b,44,-0.42557504903384485
moderate_150_211,b,45,0.13932034433345927
moderate_150_211,b,46,-1.4623148436100473
moderate_150_211,b,47,-1.1813457224406334
moderate_150_211,b,48,-1.0720345008216707
moderate_150_211,b,49,0.9518014036447551
moderate_150_211,b,50,1.1909548637444858
moderate_150_211,b,51,0.5012599292969344
moderate_150_211,b,52,0.4424060414284448
moderate_150_211,b,53,-1.6137182870606943
moderate_150_211,b,54,0.20625321057584117
moderate_150_211,b,55,1.084303097743992
moderate_150_211,b,56,-0.6323693801833037
moderate_150_211,b,57,-0.2899194569704995
moderate_150_211,b,58,-0.6669107798084037
moderate_150_211,b,59,0.5157808148929757
moderate_150_211,b,60,-0.35275141893153256
moderate_150_211,b,61,2.084833543197689
moderate_150_211,b,62,0.7562386754659234
moderate_150_211,b,63,-0.06531408671496047
moderate_150_211,b,64,1.1412014602256866
moderate_150_211,b,65,-0.25582445165013673
moderate_150_211,b,66,0.5439983754305442
moderate_150_211,b,67,1.1168548847665976
moderate_150_211,b,68,-1.34317215690182
moderate_150_211,b,69,1.7911474165431425
moderate_150_211,b,70,0.07499788965916401
moderate_150_211,b,71,0.9722536574548541
moderate_150_211,b,72,0.9163358909242036
moderate_150_211,b,73,-1.1640355234615714
moderate_150_211,b,74,0.656093805485745
moderate_150_211,b,75,-0.9353168664216602
moderate_150_211,b,76,0.744102432734095
moderate_150_211,b,77,1.718587111983145
moderate_150_211,b,78,-2.0113729406226533
moderate_150_211,b,79,1.2059810326510985
moderate_150_211,b,80,1.0432808116820842
moderate_150_211,b,81,0.6478677651696716
moderate_150_211,b,82,1.9525902966146191
moderate_150_211,b,83,-0.0044759528259458725
moderate_150_211,b,84,0.4109863786977997
moderate_150_211,b,85,0.2776823159399947
moderate_150_211,b,86,0.07364948755557121
moderate_150_211,b,87,-0.015470555234062322
moderate_150_211,b,88,1.4221192962831894
moderate_150_211,b,89,-0.2186106489527031
moderate_150_211,b,90,-0.44184793676348194
moderate_150_211,b,91,-0.21538840930267922
moderate_150_211,b,92,-0.38063136418897164
moderate_150_211,b,93,0.6285329079124296
moderate_150_211,b,94,-0.4636236836975168
moderate_150_211,b,95,-0.3748439782070007
moderate_150_211,b,96,-2.0587944440119013
moderate_150_211,b,97,0.04740219213869837
moderate_150_211,b,98,0.5160700884787826
moderate_150_211,b,99,0.2998482853122031
moderate_150_211,b,100,-1.222131490114184
moderate_150_211,b,101,-1.147108945127247
moderate_150_211,b,102,-1.2360552697379976
moderate_150_211,b,103,0.148790172420841
moderate_150_211,b,104,-1.654790330110607
moderate_150_211,b,105,-0.9296728032803032
moderate_150_211,b,106,3.0106141272749114
moderate_150_211,b,107,0.22489402658472296
moderate_150_211,b,108,-0.5101005977159354
moderate_150_211,b,109,-0.11181088614090146
moderate_150_211,b,110,0.22390717095458595
moderate_150_211,b,111,1.6657502086649636
moderate_150_211,b,112,0.8610063858009616
moderate_150_211,b,113,0.17095669956697895
moderate_150_211,b,114,1.3260282855278185
moderate_150_211,b,115,-0.07115448697359772
moderate_150_211,b,116,0.22041059551489992
moderate_150_211,b,117,-0.15369662276770035
moderate_150_211,b,118,0.8521538478331787
moderate_150_211,b,119,0.15233089734792377
moderate_150_211,b,120,0.054220490141519806
moderate_150_211,b,121,1.0938351860455364
moderate_150_211,b,122,0.21752298964996078
moderate_150_211,b,123,0.30744401320005743
moderate_150_211,b,124,-2.306214419213891
moderate_150_211,b,125,-0.2213231305296674
moderate_150_211,b,126,0.011583194867749863
moderate_150_211,b,127,1.5948851783599323
moderate_150_211,b,128,-1.795670744759612
moderate_150_211,b,129,0.8234623288505079
moderate_150_211,b,130,0.672813568030663
moderate_150_211,b,131,0.020435229531985344
moderate_150_211,b,132,-0.1029384848963143
moderate_150_211,b,133,0.22923379142856382
moderate_150_211,b,134,1.334957624033743
moderate_150_211,b,135,1.391679249362455
moderate_150_211,b,136,0.4883818021363828
moderate_150_211,b,137,1.154728792693474
moderate_150_211,b,138,1.39922046868864
moderate_150_211,b,139,-1.0648770074665468
moderate_150_211,b,140,0.6466083232196583
moderate_150_211,b,141,-0.3471004535178058
moderate_150_211,b,142,0.37420658102321513
moderate_150_211,b,143,0.820252906816326
moderate_150_211,b,144,-0.6030029258721996
moderate_150_211,b,145,0.8232570024812311
moderate_150_211,b,146,0.7797861131503883
moderate_150_211,b,147,0.0032146285226025417
moderate_150_211,b,148,0.14081207128178247
moderate_150_211,b,149,0.3491854055543232
moderate_150_211,b,150,1.1930320002001198
moderate_150_211,b,151,0.7166163504170775
moderate_150_211,b,152,0.3485716675292748
moderate_150_211,b,153,1.282451432655694
moderate_150_211,b,154,0.25172600725362865
moderate_150_211,b,155,0.45331141580951945
moderate_150_211,b,156,0.44864560871261305
moderate_150_211,b,157,-0.26415864525632526
moderate_150_211,b,158,-1.5133227167046974
moderate_150_211,b,159,-0.2727699401333198
moderate_150_211,b,160,0.39160986916608487
moderate_150_211,b,161,0.484257469381681
moderate_150_211,b,162,0.8736406559711118
moderate_150_211,b,163,1.0953568732617043
moderate_150_211,b,164,0.5402650466776715
moderate_150_211,b,165,0.5270983624816112
moderate_150_211,b,166,0.8236385135048045
moderate_150_211,b,167,0.6698456851762391
moderate_150_211,b,168,1.211125500239785
moderate_150_211,b,169,2.24707185372201
moderate_150_211,b,170,-1.5850868992528384
moderate_150_211,b,171,-0.41029855769826423
moderate_150_211,b,172,0.6464652111308251
moderate_150_211,b,173,-0.7235690053360002
moderate_150_211,b,174,0.8815889072646317
moderate_150_211,b,175,-0.3699470276923487
moderate_150_211,b,176,0.3591924908139037
moderate_150_211,b,177,0.2382402563376207
moderate_150_211,b,178,0.13675753747649638
moderate_150_211,b,179,-0.162738067992726
moderate_150_211,b,180,-0.14468833179313928
moderate_150_211,b,181,0.3760582881220955
moderate_150_211,b,182,1.2932017871590533
moderate_150_211,b,183,-0.9737305381573498
moderate_150_211,b,184,0.8610496728112975
moderate_150_211,b,185,-2.0285453823052384
moderate_150_211,b,186,-2.2100323335448477
moderate_150_211,b,187,1.3745933496451292
moderate_150_211,b,188,-0.3516055354095308
moderate_150_211,b,189,0.07966025169036091
moderate_150_211,b,190,0.05155387844217216
moderate_150_211,b,191,-0.3163564797110771
moderate_150_211,b,192,-0.5372263535019537
moderate_150_211,b,193,0.4272794820955983
moderate_150_211,b,194,-0.6161288989046039
moderate_150_211,b,195,-0.05765212748634052
moderate_150_211,b,196,0.0015594423672375124
moderate_150_211,b,197,1.5151485729192082
moderate_150_211,b,198,-1.1074846065865012
moderate_150_211,b,199,0.8156808508674815
moderate_150_211,b,200,-0.6034842793061639
moderate_150_211,b,201,-0.08443296927570343
moderate_150_211,b,202,2.179203017096284
moderate_150_211,b,203,-0.46935489267647373
moderate_150_211,b,204,1.1314568260623363
moderate_150_211,b,205,-1.8440537790542086
moderate_150_211,b,206,-0.9353887581145448
moderate_150_211,b,207,-0.4237389474782695
moderate_150_211,b,208,0.4817222780494062
moderate_150_211,b,209,-1.4987706037434834
moderate_150_211,b,210,0.7205954522053659
moderate_200_200,a,0,-0.23509858070366274
moderate_200_200,a,1,0.851187865902401
moderate_200_200,a,2,0.2317766067799827
moderate_200_200,a,3,-0.5628238277198699
moderate_200_200,a,4,-0.7469369288177585
moderate_200_200,a,5,-1.9899287918500372
moderate_200_200,a,6,1.8866285586677856
moderate_200_200,a,7,-0.04108350074545835
moderate_200_200,a,8,0.05805199490455152
moderate_200_200,a,9,-0.7004226937257879
moderate_200_200,a,10,-0.7005453631789962
moderate_200_200,a,11,0.43493480188218464
moderate_200_200,a,12,1.0957568743696702
moderate_200_200,a,13,-0.3860404373718427
moderate_200_200,a,14,0.12644167801178594
moderate_200_200,a,15,0.8823504527393283
moderate_200_200,a,16,0.11688044682301942
moderate_200_200,a,17,1.006161234667914
moderate_200_200,a,18,0.5042177817217374
moderate_200_200,a,19,1.567552385831557
moderate_200_200,a,20,-0.5407089400855772
moderate_200_200,a,21,0.49278892006116404
moderate_200_200,a,22,-0.32856142698530433
moderate_200_200,a,23,-0.44391588998389375
moderate_200_200,a,24,0.22017235164955326
moderate_200_200,a,25,0.8674150142847056
moderate_200_200,a,26,-0.5764238866770832
moderate_200_200,a,27,-0.10939052331567546
moderate_200_200,a,28,0.8326138932710112
moderate_200_200,a,29,0.8662638066608588
moderate_200_200,a,30,1.3329048874708378
moderate_200_200,a,31,0.46030152764049104
moderate_200_200,a,32,0.6601904646154845
moderate_200_200,a,33,-0.8065161649814147
moderate_200_200,a,34,0.26210867141678346
moderate_200_200,a,35,1.3347573612510055
moderate_200_200,a,36,-0.29054726457220265
moderate_200_200,a,37,1.600630832077145
moderate_200_200,a,38,-0.14093815731108048
moderate_200_200,a,39,-1.3350559210381598
moderate_200_200,a,40,-0.29763000387704475
moderate_200_200,a,41,0.42300990638962443
moderate_200_200,a,42,-0.15365841001313782
moderate_200_200,a,43,-1.6067774691984233
moderate_200_200,a,44,0.06070086756397892
moderate_200_200,a,45,0.9046667338200021
moderate_200_200,a,46,1.7629503161687785
moderate_200_200,a,47,2.2320866536949073
moderate_200_200,a,48,-0.17432982930029928
moderate_200_200,a,49,-1.7179335407422378
moderate_200_200,a,50,-1.9021328535451263
moderate_200_200,a,51,-2.148540649385611
moderate_200_200,a,52,0.9939549406236742
moderate_200_200,a,53,0.2146336569709866
moderate_200_200,a,54,-1.6640740883004266
moderate_200_200,a,55,0.8443172591542323
moderate_200_200,a,56,-1.4020900172817212
moderate_200_200,a,57,-0.4367372837613199
moderate_200_200,a,58,0.4892472759468242
moderate_200_200,a,59,-1.0382164951468982
moderate_200_200,a,60,0.3446953852669866
moderate_200_200,a,61,-0.9010994273182881
moderate_200_200,a,62,0.26321483011922137
moderate_200_200,a,63,-1.287453181626305
moderate_200_200,a,64,0.17537819910364424
moderate_200_200,a,65,-0.5735661584061634
moderate_200_200,a,66,-0.17874517478636132
moderate_200_200,a,67,0.25458646434922827
moderate_200_200,a,68,0.6191585978892903
moderate_200_200,a,69,-1.1091643354849645
moderate_200_200,a,70,0.36744385315070677
moderate_200_200,a,71,-0.1728053990449204
moderate_200_200,a,72,-1.6555113268811716
moderate_200_200,a,73,0.29279634295868656
moderate_200_200,a,74,-0.12225009454721572
moderate_200_200,a,75,0.9461548831071036
moderate_200_200,a,76,-0.20461491148087152
moderate_200_200,a,77,-1.7565845243256217
moderate_200_200,a,78,0.3689051889133652
moderate_200_200,a,79,1.6657572591968735
moderate_200_200,a,80,0.09011975432073137
moderate_200_200,a,81,-2.224659695462935
moderate_200_200,a,82,-0.15730255209933922
moderate_200_200,a,83,-0.7525924442288897
moderate_200_200,a,84,0.21489123668491208
moderate_200_200,a,85,-1.1034315121394567
moderate_200_200,a,86,0.8546533917339576
moderate_200_200,a,87,1.2011760627578245
moderate_200_200,a,88,-0.543704554603681
moderate_200_200,a,89,0.11324255201517613
moderate_200_200,a,90,0.9080797713000951
moderate_200_200,a,91,0.43707179829384313
moderate_200_200,a,92,-0.03485548986413445
moderate_200_200,a,93,-0.40417613719349177
moderate_200_200,a,94,0.11153893917405575
moderate_200_200,a,95,-0.3466538634092354
moderate_200_200,a,96,0.19918118993333261
moderate_200_200,a,97,1.3659955543680622
moderate_200_200,a,98,1.3416582818905338
moderate_200_200,a,99,0.4434962665437814
moderate_200_200,a,100,-0.897287879669924
moderate_200_200,a,101,0.09985665179396117
moderate_200_200,a,102,-0.5787211180242806
moderate_200_200,a,103,1.2898050115527924
moderate_200_200,a,104,1.251880045255332
moderate_200_200,a,105,0.22786345033963368
moderate_200_200,a,106,-1.5546390975072817
moderate_200_200,a,107,1.003463514235844
moderate_200_200,a,108,2.6509174558679667
moderate_200_200,a,109,0.5462999809437645
moderate_200_200,a,110,1.1476677334630812
moderate_200_200,a,111,0.26138429037599376
moderate_200_200,a,112,-0.3792240276980051
moderate_200_200,a,113,-0.37041192393571043
moderate_200_200,a,114,-2.112940293161821
moderate_200_200,a,115,0.6553256161370248
moderate_200_200,a,116,0.03136942123799938
moderate_200_200,a,117,0.15340550875639808
moderate_200_200,a,118,-0.39485066009932074
moderate_200_200,a,119,0.12318916920862899
moderate_200_200,a,120,-1.163837449633695
moderate_200_200,a,121,0.8929505622127188
moderate_200_200,a,122,-0.12107300650337492
moderate_200_200,a,123,-0.009964176637002452
moderate_200_200,a,124,-0.5377929834628514
moderate_200_200,a,125,0.80442327587098
moderate_200_200,a,126,0.7331395277006497
moderate_200_200,a,127,1.3292347708163834
moderate_200_200,a,128,-1.9889186809451764
moderate_200_200,a,129,0.34176711619725736
moderate_200_200,a,130,-1.1852511193060316
moderate_200_200,a,131,0.5826377881130591
moderate_200_200,a,132,-0.20978230631272837
moderate_200_200,a,133,1.1421241945126532
moderate_200_200,a,134,0.5770489477651621
moderate_200_200,a,135,0.22337830698802316
moderate_200_200,a,136,0.26005027808250664
moderate_200_200,a,137,2.0507951374248923
moderate_200_200,a,138,-0.8796538535271888
moderate_200_200,a,139,-2.266961267028441
moderate_200_200,a,140,0.6708982958484564
moderate_200_200,a,141,-0.46113330283257087
moderate_200_200,a,142,0.7712764798160747
moderate_200_200,a,143,-0.05454501062901728
moderate_200_200,a,144,1.4067788060156243
moderate_200_200,a,145,-1.0873931830339285
moderate_200_200,a,146,-0.09868757045747682
moderate_200_200,a,147,-2.064044990664667
moderate_200_200,a,148,1.7226633191677116
moderate_200_200,a,149,-0.17706963109040827
moderate_200_200,a,150,-1.1870550672175029
moderate_200_200,a,151,-0.797882726475033
moderate_200_200,a,152,0.22102635380940971
moderate_200_200,a,153,-0.9303240994391194
moderate_200_200,a,154,1.7915026808519134
moderate_200_200,a,155,-0.6442646355630243
moderate_200_200,a,156,-1.4411087415321948
moderate_200_200,a,157,-0.8743350910439166
moderate_200_200,a,158,-0.36601226294457484
moderate_200_200,a,159,0.26200831067836466
moderate_200_200,a,160,-0.37354844743048077
moderate_200_200,a,161,-1.1413879005024987
moderate_200_200,a,162,-0.7956395060019963
moderate_200_200,a,163,0.8472126370209381
moderate_200_200,a,164,0.1687313062459656
moderate_200_200,a,165,-0.6922891323545153
moderate_200_200,a,166,-1.661885681764096
moderate_200_200,a,167,0.2598378911587719
moderate_200_200,a,168,0.22714171126974456
moderate_200_200,a,169,1.3298546809072946
moderate_200_200,a,170,2.818859212607005
moderate_200_200,a,171,-0.659970064551882
moderate_200_200,a,172,0.2794622037413565
moderate_200_200,a,173,0.6704158188507575
moderate_200_200,a,174,-0.534654217171771
moderate_200_200,a,175,1.4885538619837424
moderate_200_200,a,176,-3.079481168383236
moderate_200_200,a,177,-0.4215546170065043
moderate_200_200,a,178,0.6313687366607016
moderate_200_200,a,179,-0.6359178406756721
moderate_200_200,a,180,0.2718099915165825
moderate_200_200,a,181,0.44585934848930747
moderate_200_200,a,182,0.2270401854682981
moderate_200_200,a,183,1.866941395905009
moderate_200_200,a,184,-1.9234729267976403
moderate_200_200,a,185,0.10472556428154656
moderate_200_200,a,186,0.4812981254463646
moderate_200_200,a,187,1.1856359203731333
moderate_200_200,a,188,1.2403469744586892
moderate_200_200,a,189,-0.46681157050327265
moderate_200_200,a,190,-1.3161206580653377
moderate_200_200,a,191,-1.8562912540174348
moderate_200_200,a,192,-0.05281444020765142
moderate_200_200,a,193,-0.5361373820521663
moderate_200_200,a,194,1.0591164247939258
moderate_200_200,a,195,-0.49946888287842495
moderate_200_200,a,196,0.9990248587265098
moderate_200_200,a,197,0.12803290609682402
moderate_200_200,a,198,1.8651582457151723
moderate_200_200,a,199,-1.425377978227419
moderate_200_200,b,0,-0.006055852828847796
moderate_200_200,b,1,-0.43432196574756254
moderate_200_200,b,2,0.8302943903142419
moderate_200_200,b,3,-0.37410715571909225
moderate_200_200,b,4,0.27744722761457136
moderate_200_200,b,5,2.0145595780295764
moderate_200_200,b,6,0.10070617420750444
moderate_200_200,b,7,1.415167739316629
moderate_200_200,b,8,0.14513222987618404
moderate_200_200,b,9,1.8223937637175935
moderate_200_200,b,10,0.9389320052829669
moderate_200_200,b,11,-0.19718184593696264
moderate_200_200,b,12,0.7501158616475551
moderate_200_200,b,13,-2.282008911302417
moderate_200_200,b,14,-0.7694747119308017
moderate_200_200,b,15,0.05680316537993063
moderate_200_200,b,16,1.2540065597402439
moderate_200_200,b,17,1.7375119721671153
moderate_200_200,b,18,0.3208397435483189
moderate_200_200,b,19,0.7015413755357444
moderate_200_200,b,20,-0.10533157268725901
moderate_200_200,b,21,0.14353634675262641
moderate_200_200,b,22,0.0013059307881365112
moderate_200_200,b,23,-1.3873463899417602
moderate_200_200,b,24,2.3779587077607585
moderate_200_200,b,25,-0.3575614293960969
moderate_200_200,b,26,0.7891304246688979
moderate_200_200,b,27,0.5413571024826258
moderate_200_200,b,28,1.5140338927123298
moderate_200_200,b,29,2.1452754284282043
moderate_200_200,b,30,-0.34696218616540553
moderate_200_200,b,31,1.4020847497238655
moderate_200_200,b,32,2.1416366497183463
moderate_200_200,b,33,0.8229238741936183
moderate_200_200,b,34,2.0896523405763543
moderate_200_200,b,35,2.055043347334505
moderate_200_200,b,36,1.7284953074768414
moderate_200_200,b,37,0.23295954505033895
moderate_200_200,b,38,1.9002266942084742
moderate_200_200,b,39,0.670750814704387
moderate_200_200,b,40,1.051616074087221
moderate_200_200,b,41,-1.210557376684537
moderate_200_200,b,42,0.42214847230696156
moderate_200_200,b,43,0.9864842861656966
moderate_200_200,b,44,0.3062826984224958
moderate_200_200,b,45,-0.4206285349627783
moderate_200_200,b,46,1.1835889775378639
moderate_200_200,b,47,0.49284206288343013
moderate_200_200,b,48,1.4697580129920573
moderate_200_200,b,49,3.1142805610646795
moderate_200_200,b,50,0.5888086909083887
moderate_200_200,b,51,-0.6516744352399778
moderate_200_200,b,52,1.4649920598197888
moderate_200_200,b,53,-1.0768654816535337
moderate_200_200,b,54,1.917807740382198
moderate_200_200,b,55,-0.045860950569372116
moderate_200_200,b,56,0.5207075525744729
moderate_200_200,b,57,0.9250223356566294
moderate_200_200,b,58,0.5447761061051365
moderate_200_200,b,59,0.41208844691732416
moderate_200_200,b,60,0.16868847324432007
moderate_200_200,b,61,0.032034072089446586
moderate_200_200,b,62,0.317126734741015
moderate_200_200,b,63,0.06857290037476121
moderate_200_200,b,64,0.1058589691890518
moderate_200_200,b,65,1.1304078720580915
moderate_200_200,b,66,1.3895539720923114
moderate_200_200,b,67,2.5572385524722794
moderate_200_200,b,68,0.14717749462081667
moderate_200_200,b,69,0.7946482938469361
moderate_200_200,b,70,0.8178649845950505
moderate_200_200,b,71,0.8640475181814309
moderate_200_200,b,72,2.5690447387530906
moderate_200_200,b,73,0.2863026338227548
moderate_200_200,b,74,1.1030676800650645
moderate_200_200,b,75,0.6882642114615599
moderate_200_200,b,76,-0.2614316867330134
moderate_200_200,b,77,-0.20628746206612592
moderate_200_200,b,78,1.9085771696316312
moderate_200_200,b,79,0.43827883175350996
moderate_200_200,b,80,0.36914545944972355
moderate_200_200,b,81,-2.0321627030442233
moderate_200_200,b,82,1.2093750312425477
moderate_200_200,b,83,1.8794351085978365
moderate_200_200,b,84,2.172661437169144
moderate_200_200,b,85,-1.3148567744319828
moderate_200_200,b,86,0.8225262035270728
moderate_200_200,b,87,1.1362975507708972
moderate_200_200,b,88,0.5831838221245701
moderate_200_200,b,89,0.8384760882669728
moderate_200_200,b,90,0.43509012238123923
moderate_200_200,b,91,0.49275721196986877
moderate_200_200,b,92,1.487159639431999
moderate_200_200,b,93,-0.6832888325151821
moderate_200_200,b,94,2.317252313387692
moderate_200_200,b,95,-0.10657542990423624
moderate_200_200,b,96,-0.4897988162490894
moderate_200_200,b,97,0.7215565110600891
moderate_200_200,b,98,1.2549682711282455
moderate_200_200,b,99,-0.7146611511213964
moderate_200_200,b,100,0.08283724999893755
moderate_200_200,b,101,-1.107806328559923
moderate_200_200,b,102,1.142809332680848
moderate_200_200,b,103,1.1042910672661816
moderate_200_200,b,104,1.0293835783927157
moderate_200_200,b,105,0.9828042016752323
moderate_200_200,b,106,0.749535183317708
moderate_200_200,b,107,0.8781030910398543
moderate_200_200,b,108,0.390660947010532
moderate_200_200,b,109,1.0375701504516637
moderate_200_200,b,110,-0.9003063164410986
moderate_200_200,b,111,0.03483145280458455
moderate_200_200,b,112,-0.3064819936812557
moderate_200_200,b,113,0.5099047602029125
moderate_200_200,b,114,-0.2070748577560384
moderate_200_200,b,115,0.5577486458827887
moderate_200_200,b,116,-0.6709225013472452
moderate_200_200,b,117,0.438457919514414
moderate_200_200,b,118,0.6426495590709385
moderate_200_200,b,119,0.09794565322908932
moderate_200_200,b,120,0.5397634314745527
moderate_200_200,b,121,-0.8410166267377607
moderate_200_200,b,122,1.1574687494804639
moderate_200_200,b,123,0.8841825426217319
moderate_200_200,b,124,0.10786679144779313
moderate_200_200,b,125,1.1347683036383092
moderate_200_200,b,126,-0.32731837214704973
moderate_200_200,b,127,0.31065401569718837
moderate_200_200,b,128,0.34446375543796626
moderate_200_200,b,129,0.4861748287690798
moderate_200_200,b,130,-1.019186286160466
moderate_200_200,b,131,-0.2728771651993229
moderate_200_200,b,132,0.23710553222846684
moderate_200_200,b,133,0.4912176095096782
moderate_200_200,b,134,-0.7772564478674789
moderate_200_200,b,135,0.11897577798845002
moderate_200_200,b,136,0.726010357470309
moderate_200_200,b,137,-0.20317867520765998
moderate_200_200,b,138,1.2274069147397184
moderate_200_200,b,139,2.4840442681188892
moderate_200_200,b,140,1.0323607254656957
moderate_200_200,b,141,0.060167146532554006
moderate_200_200,b,142,3.1204852233821727
moderate_200_200,b,143,-2.1331359559664897
moderate_200_200,b,144,0.46397083783941373
moderate_200_200,b,145,0.24504280427607633
moderate_200_200,b,146,-0.7427565438859268
moderate_200_200,b,147,0.3039911878560801
moderate_200_200,b,148,-0.27418559533359144
moderate_200_200,b,149,-0.34505402203364854
moderate_200_200,b,150,-0.014590090945770129
moderate_200_200,b,151,-1.2623298795078122
moderate_200_200,b,152,0.6594658454850543
moderate_200_200,b,153,0.5894971185226375
moderate_200_200,b,154,-0.7662743822338635
moderate_200_200,b,155,-0.47159607874905096
moderate_200_200,b,156,0.24474569782098218
moderate_200_200,b,157,0.9742414756452814
moderate_200_200,b,158,-0.3305108734349619
moderate_200_200,b,159,1.7670001201382575
moderate_200_200,b,160,-0.863194216293056
moderate_200_200,b,161,2.3394078143184096
moderate_200_200,b,162,0.5157146114741071
moderate_200_200,b,163,0.8296197579284942
moderate_200_200,b,164,-0.26075547434520285
moderate_200_200,b,165,-0.0351518622972552
moderate_200_200,b,166,0.5887852771815826
moderate_200_200,b,167,-1.046107361491734
moderate_200_200,b,168,-0.7659862688897549
moderate_200_200,b,169,-0.6056296097674935
moderate_200_200,b,170,-0.9110685444690011
moderate_200_200,b,171,0.3734736744958641
moderate_200_200,b,172,-1.592541994328411
moderate_200_200,b,173,0.6574317135457585
moderate_200_200,b,174,0.23930033166369347
moderate_200_200,b,175,0.9691993043232179
moderate_200_200,b,176,0.7530654749083334
moderate_200_200,b,177,1.2216436317556822
moderate_200_200,b,178,0.8543055027746629
moderate_200_200,b,179,-0.14254446572111673
moderate_200_200,b,180,1.0988770125569467
moderate_200_200,b,181,1.3803945767076318
moderate_200_200,b,182,0.9466953874099502
moderate_200_200,b,183,-0.7784823061680602
moderate_200_200,b,184,-0.07433769549012509
moderate_200_200,b,185,1.7739880172082914
moderate_200_200,b,186,0.7223732734973483
moderate_200_200,b,187,-1.3224927486960474
moderate_200_200,b,188,0.20323390056835636
moderate_200_200,b,189,0.5143417911209218
moderate_200_200,b,190,-0.0753431732730046
moderate_200_200,b,191,0.8295058369798598
moderate_200_200,b,192,-1.2897779667952984
moderate_200_200,b,193,0.508739308117686
moderate_200_200,b,194,-0.21982619106642876
moderate_200_200,b,195,-0.21570941863823268
moderate_200_200,b,196,0.6726309749471804
moderate_200_200,b,197,-0.9231077798238324
moderate_200_200,b,198,0.4927201227839183
moderate_200_200,b,199,0.9270436459727931
negatives_and_zero,a,0,-3.5
negatives_and_zero,a,1,-1.0
negatives_and_zero,a,2,0.0
negatives_and_zero,a,3,0.0
negatives_and_zero,a,4,2.25
negatives_and_zero,b,0,-2.0
negatives_and_zero,b,1,0.0
negatives_and_zero,b,2,1.5
negatives_and_zero,b,3,4.0
normal_20_20,a,0,-0.9787531501620005
normal_20_20,a,1,1.497919541899939
normal_20_20,a,2,0.07792928804848402
normal_20_20,a,3,-0.311974138266259
normal_20_20,a,4,1.044856061355937
normal_20_20,a,5,0.6083133150279313
normal_20_20,a,6,-1.8986724818078353
normal_20_20,a,7,-0.13397888687682702
normal_20_20,a,8,1.7971696195209137
normal_20_20,a,9,0.30386068469804234
normal_20_20,a,10,2.108970408892304
normal_20_20,a,11,-2.669572922604983
normal_20_20,a,12,0.5559612402695856
normal_20_20,a,13,-1.0285352937731242
normal_20_20,a,14,-0.680715620082155
normal_20_20,a,15,0.46501712523731514
normal_20_20,a,16,0.21894949398004065
normal_20_20,a,17,-0.8874673567746484
normal_20_20,a,18,1.2194077149494653
normal_20_20,a,19,0.5939848698772069
normal_20_20,b,0,-0.9826516659350157
normal_20_20,b,1,-0.42362770677484113
normal_20_20,b,2,0.8220826933217921
normal_20_20,b,3,0.6329712157333256
normal_20_20,b,4,-0.1812875867523125
normal_20_20,b,5,-0.5526112335021259
normal_20_20,b,6,-1.3130485114859307
normal_20_20,b,7,-0.39609158681432005
normal_20_20,b,8,-0.6899221549872548
normal_20_20,b,9,0.15506673423717832
normal_20_20,b,10,-0.5660958951120669
normal_20_20,b,11,0.8481634796289399
normal_20_20,b,12,-0.09976197822561593
normal_20_20,b,13,-0.12050623686202053
normal_20_20,b,14,0.040884136485858376
normal_20_20,b,15,0.876835730836872
normal_20_20,b,16,-0.27425259526909074
normal_20_20,b,17,0.2782117284513764
normal_20_20,b,18,0.15216528630962806
normal_20_20,b,19,0.9091512320541867
normal_20_30,a,0,-0.877152373149069
normal_20_30,a,1,0.4696348842445251
normal_20_30,a,2,0.474922132297239
normal_20_30,a,3,-0.9758426067542971
normal_20_30,a,4,-1.6531984717453496
normal_20_30,a,5,-0.202902068470955
normal_20_30,a,6,-1.1451572155614977
normal_20_30,a,7,-1.5827884263500953
normal_20_30,a,8,0.8865715569089945
normal_20_30,a,9,1.6530269700891
normal_20_30,a,10,-1.5687515820628164
normal_20_30,a,11,0.4106407632622243
normal_20_30,a,12,-2.530234376509117
normal_20_30,a,13,-0.9117101304801107
normal_20_30,a,14,0.4648534820210709
normal_20_30,a,15,-0.10461454782576314
normal_20_30,a,16,-0.4506903691939424
normal_20_30,a,17,1.0620218649383983
normal_20_30,a,18,0.43104897174698636
normal_20_30,a,19,0.5159426279998897
normal_20_30,b,0,0.724839963089449
normal_20_30,b,1,-0.2368159702631222
normal_20_30,b,2,1.3642403748982987
normal_20_30,b,3,-1.106112794840861
normal_20_30,b,4,-0.3450679261310282
normal_20_30,b,5,0.7947756130091532
normal_20_30,b,6,-0.7990270344680447
normal_20_30,b,7,0.30636445052935607
normal_20_30,b,8,0.36330092799489844
normal_20_30,b,9,-0.8253458378707447
normal_20_30,b,10,1.9975270416056492
normal_20_30,b,11,0.901277221804159
normal_20_30,b,12,0.25881302968705666
normal_20_30,b,13,0.13694940604139225
normal_20_30,b,14,0.7595765916208799
normal_20_30,b,15,-0.9766191720281057
normal_20_30,b,16,-0.6613562217506691
normal_20_30,b,17,-0.3866338111098911
normal_20_30,b,18,-1.9076542945866264
normal_20_30,b,19,0.36940659903588946
normal_20_30,b,20,0.6599486050821142
normal_20_30,b,21,-0.7837322036469246
normal_20_30,b,22,0.41573529291585287
normal_20_30,b,23,-1.661329111901126
normal_20_30,b,24,2.068377388341868
normal_20_30,b,25,-1.222969143718273
normal_20_30,b,26,-1.20232608907054
normal_20_30,b,27,-0.7573201964171505
normal_20_30,b,28,1.033355702922495
normal_20_30,b,29,-0.8014299892713848
one_side_constant,a,0,1.0
one_side_constant,a,1,1.0
one_side_constant,a,2,1.0
one_side_constant,a,3,1.0
one_side_constant,b,0,0.0
one_side_constant,b,1,1.0
one_side_constant,b,2,2.0
one_side_constant,b,3,3.0
shifted_20_20,a,0,0.063522705509854
shifted_20_20,a,1,0.5628235849784622
shifted_20_20,a,2,-0.5043245873309129
shifted_20_20,a,3,1.2810669687232654
shifted_20_20,a,4,-0.53544045514726
shifted_20_20,a,5,0.0011654298917813317
shifted_20_20,a,6,0.7515814433049531
shifted_20_20,a,7,-0.2206525074533734
shifted_20_20,a,8,0.28455933055795163
shifted_20_20,a,9,-0.8853582745559169
shifted_20_20,a,10,-0.026400866308177857
shifted_20_20,a,11,-0.76563923010948
shifted_20_20,a,12,-1.3586385038122102
shifted_20_20,a,13,-0.6450711346610328
shifted_20_20,a,14,0.7321864204385029
shifted_20_20,a,15,-0.7701939883826274
shifted_20_20,a,16,1.1561954642096013
shifted_20_20,a,17,0.8852822692898754
shifted_20_20,a,18,-0.12798280481704408
shifted_20_20,a,19,1.3864047285260697
shifted_20_20,b,0,0.895237498277487
shifted_20_20,b,1,3.109089613816705
shifted_20_20,b,2,0.6625237484387289
shifted_20_20,b,3,1.3505712666964955
shifted_20_20,b,4,0.9909770533506002
shifted_20_20,b,5,0.5610556936737028
shifted_20_20,b,6,1.8970704038483155
shifted_20_20,b,7,0.6785039274849719
shifted_20_20,b,8,1.6196206160791387
shifted_20_20,b,9,1.1964470545637635
shifted_20_20,b,10,2.7309887322042234
shifted_20_20,b,11,1.7993470707654822
shifted_20_20,b,12,2.123731213650225
shifted_20_20,b,13,1.3268107867010737
shifted_20_20,b,14,0.5190373530690063
shifted_20_20,b,15,1.6688184319929409
shifted_20_20,b,16,0.7220565358490905
shifted_20_20,b,17,0.6741221514106237
shifted_20_20,b,18,2.058657490211389
shifted_20_20,b,19,2.012568801856953
single_1_1_diff,a,0,3.0
single_1_1_diff,b,0,4.0
single_1_1_equal,a,0,3.0
single_1_1_equal,b,0,3.0
single_1_5,a,0,3.0
single_1_5,b,0,1.0
single_1_5,b,1,2.0
single_1_5,b,2,4.0
single_1_5,b,3,5.0
single_1_5,b,4,6.0
ties_alphabet4_15_15,a,0,0.0
ties_alphabet4_15_15,a,1,3.0
ties_alphabet4_15_15,a,2,0.0
ties_alphabet4_15_15,a,3,2.0
ties_alphabet4_15_15,a,4,0.0
ties_alphabet4_15_15,a,5,2.0
ties_alphabet4_15_15,a,6,1.0
ties_alphabet4_15_15,a,7,2.0
ties_alphabet4_15_15,a,8,0.0
ties_alphabet4_15_15,a,9,2.0
ties_alphabet4_15_15,a,10,2.0
ties_alphabet4_15_15,a,11,3.0
ties_alphabet4_15_15,a,12,1.0
ties_alphabet4_15_15,a,13,2.0
ties_alphabet4_15_15,a,14,1.0
ties_alphabet4_15_15,b,0,3.0
ties_alphabet4_15_15,b,1,3.0
ties_alphabet4_15_15,b,2,3.0
ties_alphabet4_15_15,b,3,0.0
ties_alphabet4_15_15,b,4,2.0
ties_alphabet4_15_15,b,5,0.0
ties_alphabet4_15_15,b,6,3.0
ties_alphabet4_15_15,b,7,2.0
ties_alphabet4_15_15,b,8,3.0
ties_alphabet4_15_15,b,9,3.0
ties_alphabet4_15_15,b,10,1.0
ties_alphabet4_15_15,b,11,2.0
ties_alphabet4_15_15,b,12,1.0
ties_alphabet4_15_15,b,13,3.0
ties_alphabet4_15_15,b,14,2.0
ties_alphabet4_9_21,a,0,3.0
ties_alphabet4_9_21,a,1,3.0
ties_alphabet4_9_21,a,2,3.0
ties_alphabet4_9_21,a,3,1.0
ties_alphabet4_9_21,a,4,2.0
ties_alphabet4_9_21,a,5,0.0
ties_alphabet4_9_21,a,6,3.0
ties_alphabet4_9_21,a,7,1.0
ties_alphabet4_9_21,a,8,0.0
ties_alphabet4_9_21,b,0,3.0
ties_alphabet4_9_21,b,1,2.0
ties_alphabet4_9_21,b,2,1.0
ties_alphabet4_9_21,b,3,0.0
ties_alphabet4_9_21,b,4,2.0
ties_alphabet4_9_21,b,5,2.0
ties_alphabet4_9_21,b,6,2.0
ties_alphabet4_9_21,b,7,2.0
ties_alphabet4_9_21,b,8,3.0
ties_alphabet4_9_21,b,9,0.0
ties_alphabet4_9_21,b,10,2.0
ties_alphabet4_9_21,b,11,0.0
ties_alphabet4_9_21,b,12,2.0
ties_alphabet4_9_21,b,13,0.0
ties_alphabet4_9_21,b,14,2.0
ties_alphabet4_9_21,b,15,3.0
ties_alphabet4_9_21,b,16,1.0
ties_alphabet4_9_21,b,17,3.0
ties_alphabet4_9_21,b,18,2.0
ties_alphabet4_9_21,b,19,3.0
ties_alphabet4_9_21,b,20,3.0
ties_two_values_20_20,a,0,1.0
ties_two_values_20_20,a,1,1.0
ties_two_values_20_20,a,2,0.0
ties_two_values_20_20,a,3,0.0
ties_two_values_20_20,a,4,1.0
ties_two_values_20_20,a,5,0.0
ties_two_values_20_20,a,6,0.0
ties_two_values_20_20,a,7,0.0
ties_two_values_20_20,a,8,1.0
ties_two_values_20_20,a,9,0.0
ties_two_values_20_20,a,10,1.0
ties_two_values_20_20,a,11,0.0
ties_two_values_20_20,a,12,0.0
ties_two_values_20_20,a,13,0.0
ties_two_values_20_20,a,14,0.0
ties_two_values_20_20,a,15,0.0
ties_two_values_20_20,a,16,0.0
ties_two_values_20_20,a,17,1.0
ties_two_values_20_20,a,18,1.0
ties_two_values_20_20,a,19,0.0
ties_two_values_20_20,b,0,1.0
ties_two_values_20_20,b,1,1.0
ties_two_values_20_20,b,2,0.0
ties_two_values_20_20,b,3,1.0
ties_two_values_20_20,b,4,0.0
ties_two_values_20_20,b,5,0.0
ties_two_values_20_20,b,6,1.0
ties_two_values_20_20,b,7,0.0
ties_two_values_20_20,b,8,0.0
ties_two_values_20_20,b,9,0.0
ties_two_values_20_20,b,10,1.0
ties_two_values_20_20,b,11,0.0
ties_two_values_20_20,b,12,1.0
ties_two_values_20_20,b,13,1.0
ties_two_values_20_20,b,14,1.0
ties_two_values_20_20,b,15,1.0
ties_two_values_20_20,b,16,1.0
ties_two_values_20_20,b,17,1.0
ties_two_values_20_20,b,18,1.0
ties_two_values_20_20,b,19,1.0
